Country Name,Country Code,Indicator Name,Indicator Code,1960,1961,1962,1963,1964,1965,1966,1967,1968,1969,1970,1971,1972,1973,1974,1975,1976,1977,1978,1979,1980,1981,1982,1983,1984,1985,1986,1987,1988,1989,1990,1991,1992,1993,1994,1995,1996,1997,1998,1999,2000,2001,2002,2003,2004,2005,2006,2007,2008,2009,2010,2011,2012,2013,2014,2015,2016,2017,2018,2019,2020,2021,2022
Aruba,ABW,"Incidence of malaria (per 1,000 population at risk)",SH.MLR.INCD.P3,,,,,,,,,,,,,,,,,,,,,,,,,,,,,,,,,,,,,,,,,,,,,,,,,,,,,,,,,,,,,,,
Africa Eastern and Southern,AFE,"Incidence of malaria (per 1,000 population at risk)",SH.MLR.INCD.P3,,,,,,,,,,,,,,,,,,,,,,,,,,,,,,,,,,,,,,,,,313.2942365,313.0926872,297.3010479,290.5282594,275.0462763,253.4729844,239.1853508,223.6198131,206.6540977,204.9857182,200.5661873,191.8336149,192.1322708,193.2346732,187.3881999,182.3963839,176.7534982,182.803015,168.4265299,167.3507909,176.4466025,172.8195459,
Afghanistan,AFG,"Incidence of malaria (per 1,000 population at risk)",SH.MLR.INCD.P3,,,,,,,,,,,,,,,,,,,,,,,,,,,,,,,,,,,,,,,,,87.15782905,86.51306118,85.43611013,71.20592661,39.49003799,28.45800921,21.32484859,22.66924605,19.77918887,13.0267993,13.43902615,16.07053918,9.395939774,11.50176055,12.6553351,14.15333928,27.46298543,29.07702729,22.40214744,14.20253722,8.427045026,6.251628365,
Africa Western and Central,AFW,"Incidence of malaria (per 1,000 population at risk)",SH.MLR.INCD.P3,,,,,,,,,,,,,,,,,,,,,,,,,,,,,,,,,,,,,,,,,412.9229509,408.6340855,397.0444629,392.9743996,390.4866252,385.98392,381.1573273,379.5307323,380.724216,375.4194573,365.3965845,352.452331,335.257334,317.2900049,304.0906477,295.9488442,289.1751391,285.7662089,284.1039109,278.6374652,285.2585625,281.2108861,
Angola,AGO,"Incidence of malaria (per 1,000 population at risk)",SH.MLR.INCD.P3,,,,,,,,,,,,,,,,,,,,,,,,,,,,,,,,,,,,,,,,,325.7036072,326.6506953,309.1209423,313.7309944,313.7325784,316.0221336,301.3629593,274.332707,233.4539997,196.8126888,172.7190588,157.1727608,154.2163281,160.6983545,166.7796696,176.6835411,189.4521768,208.948763,214.2472131,227.253733,251.5823214,254.8731171,
Albania,ALB,"Incidence of malaria (per 1,000 population at risk)",SH.MLR.INCD.P3,,,,,,,,,,,,,,,,,,,,,,,,,,,,,,,,,,,,,,,,,,,,,,,,,,,,,,,,,,,,,,,
Andorra,AND,"Incidence of malaria (per 1,000 population at risk)",SH.MLR.INCD.P3,,,,,,,,,,,,,,,,,,,,,,,,,,,,,,,,,,,,,,,,,,,,,,,,,,,,,,,,,,,,,,,
Arab World,ARB,"Incidence of malaria (per 1,000 population at risk)",SH.MLR.INCD.P3,,,,,,,,,,,,,,,,,,,,,,,,,,,,,,,,,,,,,,,,,28.55339394,28.56548176,25.71716305,24.14698165,21.47618794,22.07133207,21.77141534,18.04785782,13.02966315,11.35823971,13.17329415,11.22246002,10.9128473,10.94317312,11.84179015,12.94086587,15.64987583,15.64182406,17.06971425,17.91391799,18.97308881,19.76332416,
United Arab Emirates,ARE,"Incidence of malaria (per 1,000 population at risk)",SH.MLR.INCD.P3,,,,,,,,,,,,,,,,,,,,,,,,,,,,,,,,,,,,,,,,,,,,,,,,,,,,,0,0,0,0,0,0,0,0,0,0,
Argentina,ARG,"Incidence of malaria (per 1,000 population at risk)",SH.MLR.INCD.P3,,,,,,,,,,,,,,,,,,,,,,,,,,,,,,,,,,,,,,,,,2.373848818,1.147266305,0.659891778,0.647891739,0.599970001,1.182480855,0.871397884,1.645099809,0.521433396,0.452264024,0.262773723,0,0,0,0,0,0,0,0,0,0,,
Armenia,ARM,"Incidence of malaria (per 1,000 population at risk)",SH.MLR.INCD.P3,,,,,,,,,,,,,,,,,,,,,,,,,,,,,,,,,,,,,,,,,0.044500229,0.025214378,0.016746982,0.009403061,0.015330694,0.002297156,,0,0,,0,,0,,0,0,0,0,0,0,,,
American Samoa,ASM,"Incidence of malaria (per 1,000 population at risk)",SH.MLR.INCD.P3,,,,,,,,,,,,,,,,,,,,,,,,,,,,,,,,,,,,,,,,,,,,,,,,,,,,,,,,,,,,,,,
Antigua and Barbuda,ATG,"Incidence of malaria (per 1,000 population at risk)",SH.MLR.INCD.P3,,,,,,,,,,,,,,,,,,,,,,,,,,,,,,,,,,,,,,,,,,,,,,,,,,,,,,,,,,,,,,,
Australia,AUS,"Incidence of malaria (per 1,000 population at risk)",SH.MLR.INCD.P3,,,,,,,,,,,,,,,,,,,,,,,,,,,,,,,,,,,,,,,,,,,,,,,,,,,,,,,,,,,,,,,
Austria,AUT,"Incidence of malaria (per 1,000 population at risk)",SH.MLR.INCD.P3,,,,,,,,,,,,,,,,,,,,,,,,,,,,,,,,,,,,,,,,,,,,,,,,,,,,,,,,,,,,,,,
Azerbaijan,AZE,"Incidence of malaria (per 1,000 population at risk)",SH.MLR.INCD.P3,,,,,,,,,,,,,,,,,,,,,,,,,,,,,,,,,,,,,,,,,8.100776634,5.533215039,2.622586441,2.466179939,1.961471815,1.215512349,0.699553972,0.528885472,0.34783785,0.371869502,0.235343955,0.018582439,0.013750871,0,0,0,0,0,0,0,,,
Burundi,BDI,"Incidence of malaria (per 1,000 population at risk)",SH.MLR.INCD.P3,,,,,,,,,,,,,,,,,,,,,,,,,,,,,,,,,,,,,,,,,448.4395875,435.7869004,417.7722818,393.4621182,344.5570365,312.2309299,282.3041737,238.0347478,204.7343179,175.9540247,169.2424511,165.0613443,166.2929398,175.2268099,182.6268593,199.9152058,231.6928585,250.5317288,288.4995935,298.8721194,303.4378167,291.4447392,
Belgium,BEL,"Incidence of malaria (per 1,000 population at risk)",SH.MLR.INCD.P3,,,,,,,,,,,,,,,,,,,,,,,,,,,,,,,,,,,,,,,,,,,,,,,,,,,,,,,,,,,,,,,
Benin,BEN,"Incidence of malaria (per 1,000 population at risk)",SH.MLR.INCD.P3,,,,,,,,,,,,,,,,,,,,,,,,,,,,,,,,,,,,,,,,,412.4463438,430.845859,453.7014872,470.1956129,488.901843,494.0386548,492.7957684,488.0070113,469.7676487,439.5762165,408.9639635,380.8130055,364.5641666,364.1176944,369.0227572,389.7072685,419.3302271,420.5033139,408.0668585,401.7147794,378.1542741,383.4506626,
Burkina Faso,BFA,"Incidence of malaria (per 1,000 population at risk)",SH.MLR.INCD.P3,,,,,,,,,,,,,,,,,,,,,,,,,,,,,,,,,,,,,,,,,599.3173545,599.7482074,594.7492885,584.4635903,561.2775479,530.652249,513.2121265,521.3520648,551.8239838,570.7756833,570.472881,556.6615235,535.2151711,488.7741313,447.6063688,419.2821142,374.32112,357.6141753,357.0256235,356.6632493,377.4021349,376.771823,
Bangladesh,BGD,"Incidence of malaria (per 1,000 population at risk)",SH.MLR.INCD.P3,,,,,,,,,,,,,,,,,,,,,,,,,,,,,,,,,,,,,,,,,6.810748913,6.810807848,6.810775472,6.810785718,6.810814672,6.810767267,4.468901689,8.19004555,7.740731321,5.109416361,4.343496925,3.927145726,2.163038632,1.907520687,3.951815919,2.67967533,1.840395283,1.915827404,0.704337582,1.191260189,0.419102078,0.492782391,
Bulgaria,BGR,"Incidence of malaria (per 1,000 population at risk)",SH.MLR.INCD.P3,,,,,,,,,,,,,,,,,,,,,,,,,,,,,,,,,,,,,,,,,,,,,,,,,,,,,,,,,,,,,,,
Bahrain,BHR,"Incidence of malaria (per 1,000 population at risk)",SH.MLR.INCD.P3,,,,,,,,,,,,,,,,,,,,,,,,,,,,,,,,,,,,,,,,,,,,,,,,,,,,,,,,,,,,,,,
"Bahamas, The",BHS,"Incidence of malaria (per 1,000 population at risk)",SH.MLR.INCD.P3,,,,,,,,,,,,,,,,,,,,,,,,,,,,,,,,,,,,,,,,,,,,,,,,,,,,,,,,,,,,,,,
Bosnia and Herzegovina,BIH,"Incidence of malaria (per 1,000 population at risk)",SH.MLR.INCD.P3,,,,,,,,,,,,,,,,,,,,,,,,,,,,,,,,,,,,,,,,,,,,,,,,,,,,,,,,,,,,,,,
Belarus,BLR,"Incidence of malaria (per 1,000 population at risk)",SH.MLR.INCD.P3,,,,,,,,,,,,,,,,,,,,,,,,,,,,,,,,,,,,,,,,,,,,,,,,,,,,,,,,,,,,,,,
Belize,BLZ,"Incidence of malaria (per 1,000 population at risk)",SH.MLR.INCD.P3,,,,,,,,,,,,,,,,,,,,,,,,,,,,,,,,,,,,,,,,,8.958283096,6.787819311,6.420164071,7.268415332,5.677218695,8.006905892,4.236458642,4.120966208,2.560309513,1.180937092,0.674906525,0.316649148,0.141892763,0.084092266,0.078153601,0.036245016,0.015782517,0.027075324,0.011379801,0,0,0,
Bermuda,BMU,"Incidence of malaria (per 1,000 population at risk)",SH.MLR.INCD.P3,,,,,,,,,,,,,,,,,,,,,,,,,,,,,,,,,,,,,,,,,,,,,,,,,,,,,,,,,,,,,,,
Bolivia,BOL,"Incidence of malaria (per 1,000 population at risk)",SH.MLR.INCD.P3,,,,,,,,,,,,,,,,,,,,,,,,,,,,,,,,,,,,,,,,,11.70967336,5.627754178,4.895581322,6.709077015,4.832642893,6.416188653,5.946107138,4.49399386,2.946997766,2.926328624,4.023078963,2.052385007,2.095448864,2.237617038,2.219795268,1.851432987,1.469755907,1.19411144,1.374744953,2.368326192,3.048155539,2.724405822,
Brazil,BRA,"Incidence of malaria (per 1,000 population at risk)",SH.MLR.INCD.P3,,,,,,,,,,,,,,,,,,,,,,,,,,,,,,,,,,,,,,,,,21.30839172,12.91190071,11.11451783,12.56012915,13.78023032,17.35966462,15.24064364,13.80171554,8.58278483,8.328246646,9.784906371,7.059721565,6.357728294,4.827382946,3.549414236,3.951412528,3.143942745,5.219259062,5.128772113,4.155431611,3.861308789,3.72380182,
Barbados,BRB,"Incidence of malaria (per 1,000 population at risk)",SH.MLR.INCD.P3,,,,,,,,,,,,,,,,,,,,,,,,,,,,,,,,,,,,,,,,,,,,,,,,,,,,,,,,,,,,,,,
Brunei Darussalam,BRN,"Incidence of malaria (per 1,000 population at risk)",SH.MLR.INCD.P3,,,,,,,,,,,,,,,,,,,,,,,,,,,,,,,,,,,,,,,,,,,,,,,,,,,,,,,,,,,,,,,
Bhutan,BTN,"Incidence of malaria (per 1,000 population at risk)",SH.MLR.INCD.P3,,,,,,,,,,,,,,,,,,,,,,,,,,,,,,,,,,,,,,,,,13.65834125,13.40074777,14.21320905,8.104373082,5.551016335,3.717971963,3.749407883,1.57218365,0.644586162,2.047334688,0.835119455,0.367518906,0.153659629,0.027809862,0.034868527,0.061815709,0.027035649,0.019659392,0.010639222,0.003521629,0.038484818,0.015642951,
Botswana,BWA,"Incidence of malaria (per 1,000 population at risk)",SH.MLR.INCD.P3,,,,,,,,,,,,,,,,,,,,,,,,,,,,,,,,,,,,,,,,,16.72203997,6.590053796,3.077802098,1.537352633,0.987395094,1.168227092,3.754618,0.990747401,1.846239855,2.00155472,1.60737735,0.482039096,0.210779865,0.493193924,1.38530773,0.297719923,0.631570578,1.841907445,0.497158872,0.15628281,1.051999955,0.621768784,
Central African Republic,CAF,"Incidence of malaria (per 1,000 population at risk)",SH.MLR.INCD.P3,,,,,,,,,,,,,,,,,,,,,,,,,,,,,,,,,,,,,,,,,441.9642673,433.9363399,434.4250287,438.8739522,446.471272,444.805838,440.1046606,432.3049716,422.8060864,409.5768581,395.6017703,385.8120113,377.7249222,371.1902912,362.6547908,346.4428574,334.1202988,328.6993995,324.6672203,322.8727515,335.994471,334.7076611,
Canada,CAN,"Incidence of malaria (per 1,000 population at risk)",SH.MLR.INCD.P3,,,,,,,,,,,,,,,,,,,,,,,,,,,,,,,,,,,,,,,,,,,,,,,,,,,,,,,,,,,,,,,
Central Europe and the Baltics,CEB,"Incidence of malaria (per 1,000 population at risk)",SH.MLR.INCD.P3,,,,,,,,,,,,,,,,,,,,,,,,,,,,,,,,,,,,,,,,,,,,,,,,,,,,,,,,,,,,,,,
Switzerland,CHE,"Incidence of malaria (per 1,000 population at risk)",SH.MLR.INCD.P3,,,,,,,,,,,,,,,,,,,,,,,,,,,,,,,,,,,,,,,,,,,,,,,,,,,,,,,,,,,,,,,
Channel Islands,CHI,"Incidence of malaria (per 1,000 population at risk)",SH.MLR.INCD.P3,,,,,,,,,,,,,,,,,,,,,,,,,,,,,,,,,,,,,,,,,,,,,,,,,,,,,,,,,,,,,,,
Chile,CHL,"Incidence of malaria (per 1,000 population at risk)",SH.MLR.INCD.P3,,,,,,,,,,,,,,,,,,,,,,,,,,,,,,,,,,,,,,,,,,,,,,,,,,,,,,,,,,,,,,,
China,CHN,"Incidence of malaria (per 1,000 population at risk)",SH.MLR.INCD.P3,,,,,,,,,,,,,,,,,,,,,,,,,,,,,,,,,,,,,,,,,0.015179558,0.039897788,0.047637812,0.0528558,0.050146149,0.040195696,0.06443124,0.053021328,0.029929759,0.016582474,0.008850019,0.002304584,0.000426929,0.000144219,9.15E-05,6.69E-05,1.71E-06,0,0,0,0,,
Cote d'Ivoire,CIV,"Incidence of malaria (per 1,000 population at risk)",SH.MLR.INCD.P3,,,,,,,,,,,,,,,,,,,,,,,,,,,,,,,,,,,,,,,,,496.9750596,511.3646669,512.7920906,511.7035057,502.2454147,458.2374813,438.0847926,438.2655909,453.297467,466.483897,472.0299799,462.0497953,378.4969337,290.766081,258.9936943,239.8055833,242.3428432,250.6873788,264.0204428,274.7505388,275.9413676,270.874111,
Cameroon,CMR,"Incidence of malaria (per 1,000 population at risk)",SH.MLR.INCD.P3,,,,,,,,,,,,,,,,,,,,,,,,,,,,,,,,,,,,,,,,,406.4369211,414.4869383,410.3667499,422.5551087,430.2330576,422.4043616,406.8696929,385.2291596,350.1276024,307.287013,286.1517104,266.5740682,257.6460522,262.0032497,261.2371155,260.5539146,258.3875086,252.1735174,247.9970688,242.260749,249.184556,245.0843109,
"Congo, Dem. Rep.",COD,"Incidence of malaria (per 1,000 population at risk)",SH.MLR.INCD.P3,,,,,,,,,,,,,,,,,,,,,,,,,,,,,,,,,,,,,,,,,469.5237312,469.8341284,470.3380072,474.5093026,481.241601,481.6890653,473.9140691,464.0551288,444.963445,413.9672429,389.9127211,365.7190425,345.523943,326.4920892,307.5046598,295.7635393,297.4805387,308.2104085,320.8788742,320.6746876,324.2074264,318.2525254,
"Congo, Rep.",COG,"Incidence of malaria (per 1,000 population at risk)",SH.MLR.INCD.P3,,,,,,,,,,,,,,,,,,,,,,,,,,,,,,,,,,,,,,,,,353.4155704,350.9362494,321.6740245,319.2113186,317.8120763,299.5108144,278.9698119,256.6869439,231.3675023,216.8367694,214.312046,215.5188586,216.5816547,219.1950151,213.1226742,210.9029604,217.142899,233.1400099,242.9597384,237.7399886,228.6943541,219.3436519,
Colombia,COL,"Incidence of malaria (per 1,000 population at risk)",SH.MLR.INCD.P3,,,,,,,,,,,,,,,,,,,,,,,,,,,,,,,,,,,,,,,,,24.27135821,37.75907748,32.5399802,27.9681721,21.41573514,17.85532988,17.46851521,18.06397901,11.33638431,11.26886813,16.5860398,8.985202479,8.304845937,7.06737599,5.518079588,8.132892427,10.95893269,7.563400923,8.600544153,10.77860749,9.400526219,8.97989882,
Comoros,COM,"Incidence of malaria (per 1,000 population at risk)",SH.MLR.INCD.P3,,,,,,,,,,,,,,,,,,,,,,,,,,,,,,,,,,,,,,,,,66.33156842,65.03621237,63.78175717,62.5436304,61.31077133,60.09283209,58.88783411,57.69339876,56.5030899,55.32200351,55.69613307,37.09457654,72.8066344,76.00304836,3.082791781,1.780295146,1.531695237,4.240715066,19.56169741,22.24944563,5.639037121,12.82458543,
Cabo Verde,CPV,"Incidence of malaria (per 1,000 population at risk)",SH.MLR.INCD.P3,,,,,,,,,,,,,,,,,,,,,,,,,,,,,,,,,,,,,,,,,1.208611356,0.883209932,0.617685306,0.544771396,0.355700295,0.530690288,0.616765221,0.137163758,0.263778667,0.484839444,0.346825075,0.051037148,0.007204403,0.156713016,0.183125674,0.048759081,0.337507404,2.879745112,0.013466925,0,0,0,
Costa Rica,CRI,"Incidence of malaria (per 1,000 population at risk)",SH.MLR.INCD.P3,,,,,,,,,,,,,,,,,,,,,,,,,,,,,,,,,,,,,,,,,1.349161387,0.960788142,0.707593917,0.489763733,0.865984091,2.344163754,1.894463442,0.786998248,0.613071756,0.164047952,0.067994076,0.006105103,0.003619239,0,0,0,0.002311042,0.006865601,0.039676782,0.053383203,0.050192796,0.104773921,
Caribbean small states,CSS,"Incidence of malaria (per 1,000 population at risk)",SH.MLR.INCD.P3,,,,,,,,,,,,,,,,,,,,,,,,,,,,,,,,,,,,,,,,,,,,,,,,,,,,,,,,,,,,,,,
Cuba,CUB,"Incidence of malaria (per 1,000 population at risk)",SH.MLR.INCD.P3,,,,,,,,,,,,,,,,,,,,,,,,,,,,,,,,,,,,,,,,,,,,,,,,,,,,,,,,,,,,,,,
Curacao,CUW,"Incidence of malaria (per 1,000 population at risk)",SH.MLR.INCD.P3,,,,,,,,,,,,,,,,,,,,,,,,,,,,,,,,,,,,,,,,,,,,,,,,,,,,,,,,,,,,,,,
Cayman Islands,CYM,"Incidence of malaria (per 1,000 population at risk)",SH.MLR.INCD.P3,,,,,,,,,,,,,,,,,,,,,,,,,,,,,,,,,,,,,,,,,,,,,,,,,,,,,,,,,,,,,,,
Cyprus,CYP,"Incidence of malaria (per 1,000 population at risk)",SH.MLR.INCD.P3,,,,,,,,,,,,,,,,,,,,,,,,,,,,,,,,,,,,,,,,,,,,,,,,,,,,,,,,,,,,,,,
Czechia,CZE,"Incidence of malaria (per 1,000 population at risk)",SH.MLR.INCD.P3,,,,,,,,,,,,,,,,,,,,,,,,,,,,,,,,,,,,,,,,,,,,,,,,,,,,,,,,,,,,,,,
Germany,DEU,"Incidence of malaria (per 1,000 population at risk)",SH.MLR.INCD.P3,,,,,,,,,,,,,,,,,,,,,,,,,,,,,,,,,,,,,,,,,,,,,,,,,,,,,,,,,,,,,,,
Djibouti,DJI,"Incidence of malaria (per 1,000 population at risk)",SH.MLR.INCD.P3,,,,,,,,,,,,,,,,,,,,,,,,,,,,,,,,,,,,,,,,,3.110707771,3.111200146,3.110937624,3.110412192,3.110569418,3.110364994,3.11111531,3.11022815,3.111345385,3.974819239,1.465201465,3.110178611,3.110476409,2.310850569,12.7255691,12.55345455,18.01233575,18.80678023,31.33778079,61.33777994,88.47637209,70.49397041,
Dominica,DMA,"Incidence of malaria (per 1,000 population at risk)",SH.MLR.INCD.P3,,,,,,,,,,,,,,,,,,,,,,,,,,,,,,,,,,,,,,,,,,,,,,,,,,,,,,,,,,,,,,,
Denmark,DNK,"Incidence of malaria (per 1,000 population at risk)",SH.MLR.INCD.P3,,,,,,,,,,,,,,,,,,,,,,,,,,,,,,,,,,,,,,,,,,,,,,,,,,,,,,,,,,,,,,,
Dominican Republic,DOM,"Incidence of malaria (per 1,000 population at risk)",SH.MLR.INCD.P3,,,,,,,,,,,,,,,,,,,,,,,,,,,,,,,,,,,,,,,,,0.323949428,0.275388056,0.347815892,0.403603982,0.611507217,0.980559759,0.886797858,0.671568201,0.450868661,0.397979506,0.594649897,0.382755753,0.22297795,0.109567866,0.099936542,0.135735396,0.146754298,0.071614745,0.09005258,0.265600793,0.168184175,0.061724907,
Algeria,DZA,"Incidence of malaria (per 1,000 population at risk)",SH.MLR.INCD.P3,,,,,,,,,,,,,,,,,,,,,,,,,,,,,,,,,,,,,,,,,0.01880842,0.003273778,0.005383192,0.002655391,0.001047313,0.000516562,0.000509171,0.013024682,0.001477383,0,0.000474788,0.00046586,0.025129244,0.003583979,0,0,0,0,0,0,0,0,
East Asia & Pacific (excluding high income),EAP,"Incidence of malaria (per 1,000 population at risk)",SH.MLR.INCD.P3,,,,,,,,,,,,,,,,,,,,,,,,,,,,,,,,,,,,,,,,,6.123534208,5.755057167,5.361591342,5.385810978,5.767554032,5.322961849,5.241236944,4.648609414,4.766590301,5.177317467,5.298457474,4.574433642,5.209025989,3.833100694,3.470032707,2.455860165,2.581536893,2.294746888,2.298347905,2.117089676,2.302431782,,
Early-demographic dividend,EAR,"Incidence of malaria (per 1,000 population at risk)",SH.MLR.INCD.P3,,,,,,,,,,,,,,,,,,,,,,,,,,,,,,,,,,,,,,,,,31.18941783,30.0592605,27.76947623,28.01338033,28.17128785,26.5711558,23.58771847,22.07813689,21.3101656,23.75171266,24.72642994,22.67188813,22.09523238,20.75504161,20.07681834,19.02547825,17.59526145,16.44453188,11.75991445,10.52121383,9.677507101,8.647020756,
East Asia & Pacific,EAS,"Incidence of malaria (per 1,000 population at risk)",SH.MLR.INCD.P3,,,,,,,,,,,,,,,,,,,,,,,,,,,,,,,,,,,,,,,,,6.106224283,5.73734423,5.344521118,5.368061327,5.748229986,5.305820376,5.225176676,4.634855891,4.751322299,5.160561186,5.281730995,4.559433703,5.19176441,3.820486253,3.458809091,2.448134352,2.573375484,2.287428531,2.291106789,2.1104668,2.295105705,,
Europe & Central Asia (excluding high income),ECA,"Incidence of malaria (per 1,000 population at risk)",SH.MLR.INCD.P3,,,,,,,,,,,,,,,,,,,,,,,,,,,,,,,,,,,,,,,,,,,,,,,,,,,,,,,,,,,,,,,
Europe & Central Asia,ECS,"Incidence of malaria (per 1,000 population at risk)",SH.MLR.INCD.P3,,,,,,,,,,,,,,,,,,,,,,,,,,,,,,,,,,,,,,,,,,,,,,,,,,,,,,,,,,,,,,,
Ecuador,ECU,"Incidence of malaria (per 1,000 population at risk)",SH.MLR.INCD.P3,,,,,,,,,,,,,,,,,,,,,,,,,,,,,,,,,,,,,,,,,284.0928857,290.9371176,227.7821974,134.3280116,72.84519698,42.49136466,24.16075488,19.73041045,11.5780852,9.604193629,4.322383905,2.74532855,1.205673759,0.80320058,0.52041332,1.309466297,2.486175736,2.620501985,3.333763583,3.567499545,3.77343029,4.193773548,
"Egypt, Arab Rep.",EGY,"Incidence of malaria (per 1,000 population at risk)",SH.MLR.INCD.P3,,,,,,,,,,,,,,,,,,,,,,,,,,,,,,,,,,,,,,,,,0,0,0,0,0,0,0,0,0,0,0,0,0,0,0,0,0,0,0,0,0,0,
Euro area,EMU,"Incidence of malaria (per 1,000 population at risk)",SH.MLR.INCD.P3,,,,,,,,,,,,,,,,,,,,,,,,,,,,,,,,,,,,,,,,,,,,,,,,,,,,,,,,,,,,,,,
Eritrea,ERI,"Incidence of malaria (per 1,000 population at risk)",SH.MLR.INCD.P3,,,,,,,,,,,,,,,,,,,,,,,,,,,,,,,,,,,,,,,,,17.84920263,22.12128954,12.88478086,18.65161171,5.462263946,9.774936329,5.707454586,12.83863401,6.90902425,8.967900261,26.51786511,23.90532397,16.13572666,14.95858926,33.00480679,19.16763024,25.72172893,34.12725538,28.94199585,57.27134135,44.62595349,25.66021934,
Spain,ESP,"Incidence of malaria (per 1,000 population at risk)",SH.MLR.INCD.P3,,,,,,,,,,,,,,,,,,,,,,,,,,,,,,,,,,,,,,,,,,,,,,,,,,,,,,,,,,,,,,,
Estonia,EST,"Incidence of malaria (per 1,000 population at risk)",SH.MLR.INCD.P3,,,,,,,,,,,,,,,,,,,,,,,,,,,,,,,,,,,,,,,,,,,,,,,,,,,,,,,,,,,,,,,
Ethiopia,ETH,"Incidence of malaria (per 1,000 population at risk)",SH.MLR.INCD.P3,,,,,,,,,,,,,,,,,,,,,,,,,,,,,,,,,,,,,,,,,329.4404088,296.3995533,260.0927304,261.7278759,247.5106971,168.5644427,154.0072625,131.7534057,111.6813449,148.7192798,170.7679307,175.4372556,203.4093519,231.4775642,211.4124825,179.7948789,124.6156165,89.71422708,36.96423483,34.08665926,53.0524727,46.26216384,
European Union,EUU,"Incidence of malaria (per 1,000 population at risk)",SH.MLR.INCD.P3,,,,,,,,,,,,,,,,,,,,,,,,,,,,,,,,,,,,,,,,,,,,,,,,,,,,,,,,,,,,,,,
Fragile and conflict affected situations,FCS,"Incidence of malaria (per 1,000 population at risk)",SH.MLR.INCD.P3,,,,,,,,,,,,,,,,,,,,,,,,,,,,,,,,,,,,,,,,,303.6370351,299.242284,288.6775116,286.6950714,285.4639111,275.9021155,270.5341248,265.5478923,258.2979277,254.6120886,248.0862302,237.2382199,232.4924882,226.8181533,218.9681497,210.5755663,205.5662448,204.8110893,200.8040358,198.8226088,206.9826645,202.7888558,
Finland,FIN,"Incidence of malaria (per 1,000 population at risk)",SH.MLR.INCD.P3,,,,,,,,,,,,,,,,,,,,,,,,,,,,,,,,,,,,,,,,,,,,,,,,,,,,,,,,,,,,,,,
Fiji,FJI,"Incidence of malaria (per 1,000 population at risk)",SH.MLR.INCD.P3,,,,,,,,,,,,,,,,,,,,,,,,,,,,,,,,,,,,,,,,,,,,,,,,,,,,,,,,,,,,,,,
France,FRA,"Incidence of malaria (per 1,000 population at risk)",SH.MLR.INCD.P3,,,,,,,,,,,,,,,,,,,,,,,,,,,,,,,,,,,,,,,,,,,,,,,,,,,,,,,,,,,,,,,
Faroe Islands,FRO,"Incidence of malaria (per 1,000 population at risk)",SH.MLR.INCD.P3,,,,,,,,,,,,,,,,,,,,,,,,,,,,,,,,,,,,,,,,,,,,,,,,,,,,,,,,,,,,,,,
"Micronesia, Fed. Sts.",FSM,"Incidence of malaria (per 1,000 population at risk)",SH.MLR.INCD.P3,,,,,,,,,,,,,,,,,,,,,,,,,,,,,,,,,,,,,,,,,,,,,,,,,,,,,,,,,,,,,,,
Gabon,GAB,"Incidence of malaria (per 1,000 population at risk)",SH.MLR.INCD.P3,,,,,,,,,,,,,,,,,,,,,,,,,,,,,,,,,,,,,,,,,330.4324259,322.6704628,293.2557002,248.7003028,187.8273387,147.3682983,134.5786518,129.2304555,153.1889813,197.0243272,233.9108354,255.254725,257.9978821,249.8846089,240.5922145,233.6214091,228.3312386,228.1448359,227.9079677,228.3696386,230.2081548,228.918421,
United Kingdom,GBR,"Incidence of malaria (per 1,000 population at risk)",SH.MLR.INCD.P3,,,,,,,,,,,,,,,,,,,,,,,,,,,,,,,,,,,,,,,,,,,,,,,,,,,,,,,,,,,,,,,
Georgia,GEO,"Incidence of malaria (per 1,000 population at risk)",SH.MLR.INCD.P3,,,,,,,,,,,,,,,,,,,,,,,,,,,,,,,,,,,,,,,,,5.744296734,10.56847795,11.67171456,7.865000747,6.443040513,3.913054455,1.499822055,0.614376408,0.154655119,0.025938991,0,0,0,0,0,0,0,0,0,0,,,
Ghana,GHA,"Incidence of malaria (per 1,000 population at risk)",SH.MLR.INCD.P3,,,,,,,,,,,,,,,,,,,,,,,,,,,,,,,,,,,,,,,,,431.1040725,417.3487798,392.5226437,370.1507217,346.5007831,326.7381288,317.3605519,318.7351951,335.8698694,358.6200694,374.2462088,380.5812728,371.4857744,346.5900611,314.491751,277.0947534,235.2721282,198.2520369,172.1546751,166.31831,165.1193894,164.366544,
Gibraltar,GIB,"Incidence of malaria (per 1,000 population at risk)",SH.MLR.INCD.P3,,,,,,,,,,,,,,,,,,,,,,,,,,,,,,,,,,,,,,,,,,,,,,,,,,,,,,,,,,,,,,,
Guinea,GIN,"Incidence of malaria (per 1,000 population at risk)",SH.MLR.INCD.P3,,,,,,,,,,,,,,,,,,,,,,,,,,,,,,,,,,,,,,,,,433.737833,431.1517897,414.6739428,394.1878564,365.7406245,343.9539157,337.9324536,345.4406278,369.3693675,399.4901671,420.6426263,433.6754273,435.3253388,413.2576481,393.5770179,378.6935109,360.2307773,357.5932891,359.0917432,343.6917566,334.4584497,330.8984706,
"Gambia, The",GMB,"Incidence of malaria (per 1,000 population at risk)",SH.MLR.INCD.P3,,,,,,,,,,,,,,,,,,,,,,,,,,,,,,,,,,,,,,,,,312.4596967,303.6339881,294.9653237,286.3814815,277.8700243,269.4673711,261.2391559,253.2485156,245.5087551,238.0211265,230.8004801,237.1490112,254.2394181,202.096694,138.7475394,199.9344912,128.1966299,62.17794356,80.23179528,43.83424815,81.93372559,80.80219219,
Guinea-Bissau,GNB,"Incidence of malaria (per 1,000 population at risk)",SH.MLR.INCD.P3,,,,,,,,,,,,,,,,,,,,,,,,,,,,,,,,,,,,,,,,,403.4865365,326.1687,251.444763,183.1318744,123.6539622,95.25821675,78.61233824,77.86997129,90.21177334,108.8707671,126.8717857,131.8214786,128.8901851,123.0414554,107.0171725,90.22264284,75.85176108,65.05442525,65.27581164,74.59487824,94.10872356,105.0806975,
Equatorial Guinea,GNQ,"Incidence of malaria (per 1,000 population at risk)",SH.MLR.INCD.P3,,,,,,,,,,,,,,,,,,,,,,,,,,,,,,,,,,,,,,,,,311.1651924,305.1858134,302.2721999,307.4203381,319.4970685,332.655662,333.5741061,330.9563307,309.2894165,281.4515094,268.06356,267.5451778,287.3631492,307.473586,306.6331167,301.4774609,283.9862266,262.1696926,240.0360564,223.756641,220.8666526,213.1754347,
Greece,GRC,"Incidence of malaria (per 1,000 population at risk)",SH.MLR.INCD.P3,,,,,,,,,,,,,,,,,,,,,,,,,,,,,,,,,,,,,,,,,,,,,,,,,,,,,,,,,,,,,,,
Grenada,GRD,"Incidence of malaria (per 1,000 population at risk)",SH.MLR.INCD.P3,,,,,,,,,,,,,,,,,,,,,,,,,,,,,,,,,,,,,,,,,,,,,,,,,,,,,,,,,,,,,,,
Greenland,GRL,"Incidence of malaria (per 1,000 population at risk)",SH.MLR.INCD.P3,,,,,,,,,,,,,,,,,,,,,,,,,,,,,,,,,,,,,,,,,,,,,,,,,,,,,,,,,,,,,,,
Guatemala,GTM,"Incidence of malaria (per 1,000 population at risk)",SH.MLR.INCD.P3,,,,,,,,,,,,,,,,,,,,,,,,,,,,,,,,,,,,,,,,,7.187182444,4.707709481,4.54986485,3.878932622,3.517009944,4.715245965,3.615697837,1.740065442,0.797944391,0.769644228,0.862382106,0.711551187,0.548304564,0.625446893,0.485896197,0.536609171,0.476240657,0.386077897,0.278368817,0.188014232,0.094678886,0.112314786,
Guam,GUM,"Incidence of malaria (per 1,000 population at risk)",SH.MLR.INCD.P3,,,,,,,,,,,,,,,,,,,,,,,,,,,,,,,,,,,,,,,,,,,,,,,,,,,,,,,,,,,,,,,
Guyana,GUY,"Incidence of malaria (per 1,000 population at risk)",SH.MLR.INCD.P3,,,,,,,,,,,,,,,,,,,,,,,,,,,,,,,,,,,,,,,,,44.30268849,49.97834982,40.31970623,50.85844415,53.14929566,71.84724677,36.43222872,20.74892832,21.69992707,23.79608603,39.61723793,52.21907206,58.56719259,76.87645501,29.70250894,23.87981421,25.44767596,32.97338232,39.17053038,32.93508757,27.79596639,32.05699463,
High income,HIC,"Incidence of malaria (per 1,000 population at risk)",SH.MLR.INCD.P3,,,,,,,,,,,,,,,,,,,,,,,,,,,,,,,,,,,,,,,,,,,,,,,,,,,,,,,,,,,,,,,
"Hong Kong SAR, China",HKG,"Incidence of malaria (per 1,000 population at risk)",SH.MLR.INCD.P3,,,,,,,,,,,,,,,,,,,,,,,,,,,,,,,,,,,,,,,,,,,,,,,,,,,,,,,,,,,,,,,
Honduras,HND,"Incidence of malaria (per 1,000 population at risk)",SH.MLR.INCD.P3,,,,,,,,,,,,,,,,,,,,,,,,,,,,,,,,,,,,,,,,,8.540778661,5.716260982,3.971137188,3.174081006,3.790881728,3.42497241,2.454244126,2.08443131,1.599898836,1.720555166,1.738504518,1.314808309,1.089887327,0.890894335,0.550677177,0.569191309,0.644021476,0.196789149,0.105181716,0.049220089,0.119760584,0.245968797,
Heavily indebted poor countries (HIPC),HPC,"Incidence of malaria (per 1,000 population at risk)",SH.MLR.INCD.P3,,,,,,,,,,,,,,,,,,,,,,,,,,,,,,,,,,,,,,,,,339.3455096,337.0007524,323.6642633,316.2584522,301.9410166,283.8526657,271.9083958,260.4658651,252.4205409,252.6213444,251.0737156,244.4223332,240.551914,234.8664582,224.7713024,217.1503871,209.4384435,209.2460271,197.8393142,192.5382901,198.3913898,195.7885165,
Croatia,HRV,"Incidence of malaria (per 1,000 population at risk)",SH.MLR.INCD.P3,,,,,,,,,,,,,,,,,,,,,,,,,,,,,,,,,,,,,,,,,,,,,,,,,,,,,,,,,,,,,,,
Haiti,HTI,"Incidence of malaria (per 1,000 population at risk)",SH.MLR.INCD.P3,,,,,,,,,,,,,,,,,,,,,,,,,,,,,,,,,,,,,,,,,9.665034719,9.665005731,9.665049536,9.665014826,9.665050579,9.665076437,9.808197846,8.707870041,10.46837669,9.664985956,9.665077483,9.162207264,7.257642144,6.823076049,3.560053531,3.410197067,3.790130471,3.412631703,1.626228298,1.77545628,4.046438815,2.204451592,
Hungary,HUN,"Incidence of malaria (per 1,000 population at risk)",SH.MLR.INCD.P3,,,,,,,,,,,,,,,,,,,,,,,,,,,,,,,,,,,,,,,,,,,,,,,,,,,,,,,,,,,,,,,
IBRD only,IBD,"Incidence of malaria (per 1,000 population at risk)",SH.MLR.INCD.P3,,,,,,,,,,,,,,,,,,,,,,,,,,,,,,,,,,,,,,,,,13.78443745,13.75207254,12.84388221,13.37510715,14.21222939,14.9813005,12.87318228,12.13841964,11.94555743,11.81928268,11.60853301,10.02116502,8.611981566,7.288479184,7.253589886,7.60919757,8.01126845,7.035932227,6.077180914,5.817728885,5.598161541,,
IDA & IBRD total,IBT,"Incidence of malaria (per 1,000 population at risk)",SH.MLR.INCD.P3,,,,,,,,,,,,,,,,,,,,,,,,,,,,,,,,,,,,,,,,,83.24895786,83.31589944,80.48406674,80.24338146,79.29992494,77.40717288,74.4969296,72.53428999,71.29261601,71.60805648,70.46406054,67.66152626,65.65489469,63.2804317,61.54436948,60.58810649,60.07970645,60.35414896,58.20651984,57.59023174,60.42649549,70.46933491,
IDA total,IDA,"Incidence of malaria (per 1,000 population at risk)",SH.MLR.INCD.P3,,,,,,,,,,,,,,,,,,,,,,,,,,,,,,,,,,,,,,,,,250.7711572,249.0622976,239.6608328,235.6604824,228.7294887,218.9396351,212.1751012,205.8132044,200.5203889,199.9064159,196.0986931,188.9447396,184.3706771,178.3946655,172.0709835,167.209736,163.6050479,165.0131942,158.9129744,156.3269051,162.8648483,160.2673271,
IDA blend,IDB,"Incidence of malaria (per 1,000 population at risk)",SH.MLR.INCD.P3,,,,,,,,,,,,,,,,,,,,,,,,,,,,,,,,,,,,,,,,,201.3602988,200.9991397,193.3477459,193.108046,194.7311307,192.4340734,190.0159319,188.5714769,183.672668,178.6319567,168.4940544,158.6617125,150.0111855,144.3201901,141.0002074,138.3699308,139.0358746,141.6374259,140.8953418,141.124884,147.4093422,143.1371789,
Indonesia,IDN,"Incidence of malaria (per 1,000 population at risk)",SH.MLR.INCD.P3,,,,,,,,,,,,,,,,,,,,,,,,,,,,,,,,,,,,,,,,,5.331663095,5.331661524,5.331665406,5.331662711,4.811860561,5.188956584,5.97919932,5.331661959,5.331665236,5.331662753,8.161176167,7.331316183,7.181690894,6.039034425,4.539195603,4.011679745,4.152561654,2.813762728,2.480641102,2.872363408,2.829778948,2.964845881,
IDA only,IDX,"Incidence of malaria (per 1,000 population at risk)",SH.MLR.INCD.P3,,,,,,,,,,,,,,,,,,,,,,,,,,,,,,,,,,,,,,,,,282.8011888,280.3098888,269.7284708,263.2020985,250.6948752,236.0255427,226.4142458,216.8611214,211.2966078,213.499675,213.718648,208.2404152,206.2069457,199.9916054,191.7016547,185.3465579,178.9598359,179.5342268,170.0439733,165.663479,172.3956251,170.7823085,
Isle of Man,IMN,"Incidence of malaria (per 1,000 population at risk)",SH.MLR.INCD.P3,,,,,,,,,,,,,,,,,,,,,,,,,,,,,,,,,,,,,,,,,,,,,,,,,,,,,,,,,,,,,,,
India,IND,"Incidence of malaria (per 1,000 population at risk)",SH.MLR.INCD.P3,,,,,,,,,,,,,,,,,,,,,,,,,,,,,,,,,,,,,,,,,19.88879155,19.91108148,18.39010198,19.35115087,21.15391076,22.45151571,18.09306291,17.23867455,17.79331384,18.07237809,17.46127937,14.72049914,11.80359436,9.071224026,9.118715679,9.592364997,9.92256493,7.376015925,5.271732071,4.294322396,3.168326517,3.242805002,
Not classified,INX,"Incidence of malaria (per 1,000 population at risk)",SH.MLR.INCD.P3,,,,,,,,,,,,,,,,,,,,,,,,,,,,,,,,,,,,,,,,,,,,,,,,,,,,,,,,,,,,,,,
Ireland,IRL,"Incidence of malaria (per 1,000 population at risk)",SH.MLR.INCD.P3,,,,,,,,,,,,,,,,,,,,,,,,,,,,,,,,,,,,,,,,,,,,,,,,,,,,,,,,,,,,,,,
"Iran, Islamic Rep.",IRN,"Incidence of malaria (per 1,000 population at risk)",SH.MLR.INCD.P3,,,,,,,,,,,,,,,,,,,,,,,,,,,,,,,,,,,,,,,,,29.46169203,28.35549027,22.63281394,33.95996351,19.60094679,26.46797774,21.86128002,21.27898741,11.15311657,5.725889984,2.400050938,2.09375453,0.957589913,0.599202312,0.438506237,0.199979882,0.095231825,0.066064284,0,0,0,0,
Iraq,IRQ,"Incidence of malaria (per 1,000 population at risk)",SH.MLR.INCD.P3,,,,,,,,,,,,,,,,,,,,,,,,,,,,,,,,,,,,,,,,,0.580932121,0.382714496,0.278917636,0.098609044,0.042798018,0.01259774,0.006386836,0.000536781,0.000526539,0,0,0,0,0,0,0,0.000993891,0,0,0,0,0,
Iceland,ISL,"Incidence of malaria (per 1,000 population at risk)",SH.MLR.INCD.P3,,,,,,,,,,,,,,,,,,,,,,,,,,,,,,,,,,,,,,,,,,,,,,,,,,,,,,,,,,,,,,,
Israel,ISR,"Incidence of malaria (per 1,000 population at risk)",SH.MLR.INCD.P3,,,,,,,,,,,,,,,,,,,,,,,,,,,,,,,,,,,,,,,,,,,,,,,,,,,,,,,,,,,,,,,
Italy,ITA,"Incidence of malaria (per 1,000 population at risk)",SH.MLR.INCD.P3,,,,,,,,,,,,,,,,,,,,,,,,,,,,,,,,,,,,,,,,,,,,,,,,,,,,,,,,,,,,,,,
Jamaica,JAM,"Incidence of malaria (per 1,000 population at risk)",SH.MLR.INCD.P3,,,,,,,,,,,,,,,,,,,,,,,,,,,,,,,,,,,,,,,,,,,,,,,,,,,,,,,,,,,,,,,
Jordan,JOR,"Incidence of malaria (per 1,000 population at risk)",SH.MLR.INCD.P3,,,,,,,,,,,,,,,,,,,,,,,,,,,,,,,,,,,,,,,,,,,,,,,,,,,,,,,,,,,,,,,
Japan,JPN,"Incidence of malaria (per 1,000 population at risk)",SH.MLR.INCD.P3,,,,,,,,,,,,,,,,,,,,,,,,,,,,,,,,,,,,,,,,,,,,,,,,,,,,,,,,,,,,,,,
Kazakhstan,KAZ,"Incidence of malaria (per 1,000 population at risk)",SH.MLR.INCD.P3,,,,,,,,,,,,,,,,,,,,,,,,,,,,,,,,,,,,,,,,,,,,,,,,,,,0,0,0,0,0,0,0,0,0,0,,,
Kenya,KEN,"Incidence of malaria (per 1,000 population at risk)",SH.MLR.INCD.P3,,,,,,,,,,,,,,,,,,,,,,,,,,,,,,,,,,,,,,,,,221.6272955,245.5578782,227.0918843,212.5559716,181.2105863,140.0272823,105.6287984,80.89422999,67.68555999,64.25526387,64.93956245,66.71728375,69.80637156,72.16628958,72.26956774,70.84577549,66.63676494,64.46897181,61.41860006,59.61638225,63.52100517,64.51576754,
Kyrgyz Republic,KGZ,"Incidence of malaria (per 1,000 population at risk)",SH.MLR.INCD.P3,,,,,,,,,,,,,,,,,,,,,,,,,,,,,,,,,,,,,,,,,0.001818446,0.003860481,0.695014945,0.116383135,0.022710875,0.055546942,0.077703267,0.023245019,0.004317144,0.000236799,0.00070137,0,0,0,0,0,0,0,0,0,,,
Cambodia,KHM,"Incidence of malaria (per 1,000 population at risk)",SH.MLR.INCD.P3,,,,,,,,,,,,,,,,,,,,,,,,,,,,,,,,,,,,,,,,,78.07278675,44.54568855,39.28693484,51.40788691,43.7905423,41.4936147,45.9509933,19.70983908,21.79124626,42.58072559,34.78064917,35.70958341,24.8653457,15.91364702,22.35292444,20.07104757,11.23457618,18.1054485,24.02494404,12.2206901,3.737680234,1.625014033,
Kiribati,KIR,"Incidence of malaria (per 1,000 population at risk)",SH.MLR.INCD.P3,,,,,,,,,,,,,,,,,,,,,,,,,,,,,,,,,,,,,,,,,,,,,,,,,,,,,,,,,,,,,,,
St. Kitts and Nevis,KNA,"Incidence of malaria (per 1,000 population at risk)",SH.MLR.INCD.P3,,,,,,,,,,,,,,,,,,,,,,,,,,,,,,,,,,,,,,,,,,,,,,,,,,,,,,,,,,,,,,,
"Korea, Rep.",KOR,"Incidence of malaria (per 1,000 population at risk)",SH.MLR.INCD.P3,,,,,,,,,,,,,,,,,,,,,,,,,,,,,,,,,,,,,,,,,1.277173523,0.775830277,0.543103193,0.351886137,0.258612252,0.408379993,0.609789817,0.659765447,0.313763411,0.264027489,0.370802643,0.146721671,0.113401136,0.109214044,0.157386291,0.175649539,0.167608747,0.120915832,0.138497914,0.133746357,0.09809519,0.075521436,
Kuwait,KWT,"Incidence of malaria (per 1,000 population at risk)",SH.MLR.INCD.P3,,,,,,,,,,,,,,,,,,,,,,,,,,,,,,,,,,,,,,,,,,,,,,,,,,,,,,,,,,,,,,,
Latin America & Caribbean (excluding high income),LAC,"Incidence of malaria (per 1,000 population at risk)",SH.MLR.INCD.P3,,,,,,,,,,,,,,,,,,,,,,,,,,,,,,,,,,,,,,,,,15.96023159,13.20549368,11.70889955,11.24978693,10.79310367,11.92003529,10.1563824,8.929869406,6.184061487,5.98241531,6.989978121,5.102030122,4.695791088,4.283928881,3.231429385,3.579066188,3.480929844,3.918352447,3.790314519,3.509917351,3.440024021,3.173712788,
Lao PDR,LAO,"Incidence of malaria (per 1,000 population at risk)",SH.MLR.INCD.P3,,,,,,,,,,,,,,,,,,,,,,,,,,,,,,,,,,,,,,,,,31.76167508,21.61605836,17.27893461,15.44127384,13.43802642,11.49289419,15.82451321,14.53386373,12.98135485,14.64240312,13.30141351,9.095235799,23.60317587,19.96430474,25.20800119,17.69341958,7.491108805,4.012033078,4.234223366,2.808896696,1.489795661,1.657282388,
Lebanon,LBN,"Incidence of malaria (per 1,000 population at risk)",SH.MLR.INCD.P3,,,,,,,,,,,,,,,,,,,,,,,,,,,,,,,,,,,,,,,,,,,,,,,,,,,,,,,,,,,,,,,
Liberia,LBR,"Incidence of malaria (per 1,000 population at risk)",SH.MLR.INCD.P3,,,,,,,,,,,,,,,,,,,,,,,,,,,,,,,,,,,,,,,,,431.1939249,440.0026428,439.1169833,434.035952,406.8241991,388.5754541,376.2780369,370.922224,370.8517194,354.5658383,337.0233406,323.8489411,306.7192398,312.1405692,333.3076662,345.111331,376.9516438,404.3254526,402.1380168,392.020603,376.2259257,356.687968,
Libya,LBY,"Incidence of malaria (per 1,000 population at risk)",SH.MLR.INCD.P3,,,,,,,,,,,,,,,,,,,,,,,,,,,,,,,,,,,,,,,,,,,,,,,,,,,,,,,,,,,,,,,
St. Lucia,LCA,"Incidence of malaria (per 1,000 population at risk)",SH.MLR.INCD.P3,,,,,,,,,,,,,,,,,,,,,,,,,,,,,,,,,,,,,,,,,,,,,,,,,,,,,,,,,,,,,,,
Latin America & Caribbean,LCN,"Incidence of malaria (per 1,000 population at risk)",SH.MLR.INCD.P3,,,,,,,,,,,,,,,,,,,,,,,,,,,,,,,,,,,,,,,,,14.09239036,11.60216431,10.41616572,10.05359658,9.806045448,10.73406594,9.110989473,8.087608013,5.623557633,5.48059004,6.463216105,4.800922781,4.514148477,4.384271123,3.579345951,4.263800231,5.0692858,6.892634794,6.710601285,6.405251711,4.592037321,4.251026013,
Least developed countries: UN classification,LDC,"Incidence of malaria (per 1,000 population at risk)",SH.MLR.INCD.P3,,,,,,,,,,,,,,,,,,,,,,,,,,,,,,,,,,,,,,,,,290.9877785,288.5873382,277.0443949,270.7850384,258.4531873,244.3707226,234.4344789,222.9377404,214.0814749,213.6022897,211.9921211,205.2011204,205.7268968,202.4911311,195.4130164,190.5700087,185.4453072,187.8928522,178.2693967,173.9237114,180.4810414,179.0418309,
Low income,LIC,"Incidence of malaria (per 1,000 population at risk)",SH.MLR.INCD.P3,,,,,,,,,,,,,,,,,,,,,,,,,,,,,,,,,,,,,,,,,320.7486377,318.4079932,305.3967561,298.14142,283.5010006,266.9680915,257.168976,248.4921842,239.3025918,242.4553428,243.0987123,236.8534915,237.5748032,235.2307222,224.7234573,217.6600777,209.6658509,213.130583,199.5264727,193.5753609,201.2386937,196.8371047,
Liechtenstein,LIE,"Incidence of malaria (per 1,000 population at risk)",SH.MLR.INCD.P3,,,,,,,,,,,,,,,,,,,,,,,,,,,,,,,,,,,,,,,,,,,,,,,,,,,,,,,,,,,,,,,
Sri Lanka,LKA,"Incidence of malaria (per 1,000 population at risk)",SH.MLR.INCD.P3,,,,,,,,,,,,,,,,,,,,,,,,,,,,,,,,,,,,,,,,,48.6362947,15.28656976,9.421307703,2.367260539,0.829838679,0.36243182,0.129314249,0.042874868,0.139100302,0.112715664,0.143885891,0.025845497,0.00475802,0,0,0,0,0,0,0,0,0,
Lower middle income,LMC,"Incidence of malaria (per 1,000 population at risk)",SH.MLR.INCD.P3,,,,,,,,,,,,,,,,,,,,,,,,,,,,,,,,,,,,,,,,,68.03840654,67.90530869,65.21753343,65.43088998,65.89788987,65.48088213,62.23667699,60.92012488,59.86929095,58.86284511,57.05175629,53.39195932,49.62336978,46.00967968,45.04672766,44.68901756,44.71547968,43.89598282,42.77284693,42.68222466,44.23574809,44.01864723,
Low & middle income,LMY,"Incidence of malaria (per 1,000 population at risk)",SH.MLR.INCD.P3,,,,,,,,,,,,,,,,,,,,,,,,,,,,,,,,,,,,,,,,,83.43709627,83.51941268,80.67473214,80.40800822,79.45921728,77.56331443,74.65293437,72.68604559,71.450801,71.76709662,70.61653666,67.81139202,65.80033839,63.41141463,61.6675132,60.69511546,60.15347898,60.37494212,58.218517,57.59606046,60.49515425,70.5745829,
Lesotho,LSO,"Incidence of malaria (per 1,000 population at risk)",SH.MLR.INCD.P3,,,,,,,,,,,,,,,,,,,,,,,,,,,,,,,,,,,,,,,,,,,,,,,,,,,,,,,,,,,,,,,
Late-demographic dividend,LTE,"Incidence of malaria (per 1,000 population at risk)",SH.MLR.INCD.P3,,,,,,,,,,,,,,,,,,,,,,,,,,,,,,,,,,,,,,,,,2.307244998,1.856557615,1.533692879,1.339768906,1.241711126,1.367115674,1.24254895,1.121809047,0.74231433,0.727305601,0.864455913,0.622476759,0.610934527,0.511100928,0.370721488,0.371620964,0.350112248,0.416793492,0.43097645,0.403261136,0.375020948,,
Lithuania,LTU,"Incidence of malaria (per 1,000 population at risk)",SH.MLR.INCD.P3,,,,,,,,,,,,,,,,,,,,,,,,,,,,,,,,,,,,,,,,,,,,,,,,,,,,,,,,,,,,,,,
Luxembourg,LUX,"Incidence of malaria (per 1,000 population at risk)",SH.MLR.INCD.P3,,,,,,,,,,,,,,,,,,,,,,,,,,,,,,,,,,,,,,,,,,,,,,,,,,,,,,,,,,,,,,,
Latvia,LVA,"Incidence of malaria (per 1,000 population at risk)",SH.MLR.INCD.P3,,,,,,,,,,,,,,,,,,,,,,,,,,,,,,,,,,,,,,,,,,,,,,,,,,,,,,,,,,,,,,,
"Macao SAR, China",MAC,"Incidence of malaria (per 1,000 population at risk)",SH.MLR.INCD.P3,,,,,,,,,,,,,,,,,,,,,,,,,,,,,,,,,,,,,,,,,,,,,,,,,,,,,,,,,,,,,,,
St. Martin (French part),MAF,"Incidence of malaria (per 1,000 population at risk)",SH.MLR.INCD.P3,,,,,,,,,,,,,,,,,,,,,,,,,,,,,,,,,,,,,,,,,,,,,,,,,,,,,,,,,,,,,,,
Morocco,MAR,"Incidence of malaria (per 1,000 population at risk)",SH.MLR.INCD.P3,,,,,,,,,,,,,,,,,,,,,,,,,,,,,,,,,,,,,,,,,0.000105063,0,0.000648424,0.000134856,3.33E-05,0,0,0,0,0,0,0,0,0,0,0,0,0,0,0,0,0,
Monaco,MCO,"Incidence of malaria (per 1,000 population at risk)",SH.MLR.INCD.P3,,,,,,,,,,,,,,,,,,,,,,,,,,,,,,,,,,,,,,,,,,,,,,,,,,,,,,,,,,,,,,,
Moldova,MDA,"Incidence of malaria (per 1,000 population at risk)",SH.MLR.INCD.P3,,,,,,,,,,,,,,,,,,,,,,,,,,,,,,,,,,,,,,,,,,,,,,,,,,,,,,,,,,,,,,,
Madagascar,MDG,"Incidence of malaria (per 1,000 population at risk)",SH.MLR.INCD.P3,,,,,,,,,,,,,,,,,,,,,,,,,,,,,,,,,,,,,,,,,55.86845836,66.51814983,52.20302379,66.57929138,45.70403425,35.27277209,34.44509904,22.19367288,22.88096677,41.80613505,41.11811982,36.85037487,69.43200106,63.47665888,44.5276292,94.40088155,55.23113144,75.3296332,71.56985593,73.83689049,142.0907703,169.8489455,
Maldives,MDV,"Incidence of malaria (per 1,000 population at risk)",SH.MLR.INCD.P3,,,,,,,,,,,,,,,,,,,,,,,,,,,,,,,,,,,,,,,,,,,,,,,,,,,,,,,,,,,,,,,
Middle East & North Africa,MEA,"Incidence of malaria (per 1,000 population at risk)",SH.MLR.INCD.P3,,,,,,,,,,,,,,,,,,,,,,,,,,,,,,,,,,,,,,,,,7.877587404,8.547123098,9.205672098,8.258756499,6.479105968,6.684418407,7.790407091,5.421872825,3.354273439,4.238932011,6.641090953,4.559650527,4.623950793,3.707078725,3.112636967,2.69105503,3.414435823,3.78721228,4.374560356,4.22234024,4.111348518,4.814733947,
Mexico,MEX,"Incidence of malaria (per 1,000 population at risk)",SH.MLR.INCD.P3,,,,,,,,,,,,,,,,,,,,,,,,,,,,,,,,,,,,,,,,,3.561589963,2.370966012,2.16131122,1.758690528,1.545616797,1.327292297,1.109444444,1.028299804,1.013627855,1.148137812,0.513898308,0.464464729,0.339442345,0.199070041,0.260563134,0.202969798,0.213880329,0.282621251,0.305428526,0.233048547,0.133275231,0.090091834,
Marshall Islands,MHL,"Incidence of malaria (per 1,000 population at risk)",SH.MLR.INCD.P3,,,,,,,,,,,,,,,,,,,,,,,,,,,,,,,,,,,,,,,,,,,,,,,,,,,,,,,,,,,,,,,
Middle income,MIC,"Incidence of malaria (per 1,000 population at risk)",SH.MLR.INCD.P3,,,,,,,,,,,,,,,,,,,,,,,,,,,,,,,,,,,,,,,,,52.15212395,52.12339809,50.14099211,50.39314435,50.84554013,50.65732669,48.28706685,47.2753322,46.47045223,45.84509884,44.30341952,41.56658265,38.70907825,36.01136422,35.27401869,35.05393705,35.12679733,34.58126537,33.79648309,33.70764232,35.25003395,42.47527,
North Macedonia,MKD,"Incidence of malaria (per 1,000 population at risk)",SH.MLR.INCD.P3,,,,,,,,,,,,,,,,,,,,,,,,,,,,,,,,,,,,,,,,,,,,,,,,,,,,,,,,,,,,,,,
Mali,MLI,"Incidence of malaria (per 1,000 population at risk)",SH.MLR.INCD.P3,,,,,,,,,,,,,,,,,,,,,,,,,,,,,,,,,,,,,,,,,406.2293997,407.446483,416.4582776,423.808857,429.3725854,431.2402739,405.7103417,388.8055156,379.0587334,374.5623114,383.6034269,404.7329505,435.6505826,452.8159338,441.0073855,391.82931,384.2218129,386.7775536,386.7775323,333.6954362,357.4502332,353.5604492,
Malta,MLT,"Incidence of malaria (per 1,000 population at risk)",SH.MLR.INCD.P3,,,,,,,,,,,,,,,,,,,,,,,,,,,,,,,,,,,,,,,,,,,,,,,,,,,,,,,,,,,,,,,
Myanmar,MMR,"Incidence of malaria (per 1,000 population at risk)",SH.MLR.INCD.P3,,,,,,,,,,,,,,,,,,,,,,,,,,,,,,,,,,,,,,,,,50.01028649,50.01029317,50.01029493,50.01027628,50.01029817,50.01029585,35.56502935,44.57277342,54.26404112,51.15570791,51.27176924,44.76216686,58.69525025,20.29658374,12.62299944,8.865285722,5.246252042,3.880180614,3.4671676,2.481146301,2.583435494,9.146195497,
Middle East & North Africa (excluding high income),MNA,"Incidence of malaria (per 1,000 population at risk)",SH.MLR.INCD.P3,,,,,,,,,,,,,,,,,,,,,,,,,,,,,,,,,,,,,,,,,8.066844232,8.782777187,9.464038361,8.494280808,6.664530281,6.878033574,8.017246589,5.583064616,3.456035416,4.368622846,6.85093331,4.710845259,5.017385027,4.027562172,3.384508621,2.927350923,3.714828941,4.121176404,4.758727967,4.589132568,4.462365334,5.220558901,
Montenegro,MNE,"Incidence of malaria (per 1,000 population at risk)",SH.MLR.INCD.P3,,,,,,,,,,,,,,,,,,,,,,,,,,,,,,,,,,,,,,,,,,,,,,,,,,,,,,,,,,,,,,,
Mongolia,MNG,"Incidence of malaria (per 1,000 population at risk)",SH.MLR.INCD.P3,,,,,,,,,,,,,,,,,,,,,,,,,,,,,,,,,,,,,,,,,,,,,,,,,,,,,,,,,,,,,,,
Northern Mariana Islands,MNP,"Incidence of malaria (per 1,000 population at risk)",SH.MLR.INCD.P3,,,,,,,,,,,,,,,,,,,,,,,,,,,,,,,,,,,,,,,,,,,,,,,,,,,,,,,,,,,,,,,
Mozambique,MOZ,"Incidence of malaria (per 1,000 population at risk)",SH.MLR.INCD.P3,,,,,,,,,,,,,,,,,,,,,,,,,,,,,,,,,,,,,,,,,473.696435,493.8217027,496.5720682,483.5980073,455.3398192,421.4295659,401.4830838,387.9960219,382.0180584,377.4817196,375.3209928,369.6863944,368.8756993,367.9743235,357.7730674,350.3098694,343.0580306,329.8267309,319.6880438,311.0862008,320.4309801,320.6003964,
Mauritania,MRT,"Incidence of malaria (per 1,000 population at risk)",SH.MLR.INCD.P3,,,,,,,,,,,,,,,,,,,,,,,,,,,,,,,,,,,,,,,,,113.0822489,111.4119189,109.4945145,110.8653687,97.268863,93.56152651,83.91424331,78.29344337,64.6666477,32.53791591,36.07235175,46.10627683,24.2220195,27.04998906,56.38230275,73.91351724,95.34168006,73.67160936,55.37367071,41.98525086,44.85191406,18.42480586,
Mauritius,MUS,"Incidence of malaria (per 1,000 population at risk)",SH.MLR.INCD.P3,,,,,,,,,,,,,,,,,,,,,,,,,,,,,,,,,,,,,,,,,,,,,,,,,,,,,,,,,,,,,,,
Malawi,MWI,"Incidence of malaria (per 1,000 population at risk)",SH.MLR.INCD.P3,,,,,,,,,,,,,,,,,,,,,,,,,,,,,,,,,,,,,,,,,451.3355894,459.9997148,437.624581,401.3688822,373.3464117,369.7754124,353.5781713,350.6052367,368.3285476,381.6647985,381.5201113,367.7532967,324.3226747,292.4013598,264.1870362,242.4368063,226.9070618,218.7594792,210.1221349,204.9641772,219.4672979,219.166141,
Malaysia,MYS,"Incidence of malaria (per 1,000 population at risk)",SH.MLR.INCD.P3,,,,,,,,,,,,,,,,,,,,,,,,,,,,,,,,,,,,,,,,,13.84279466,13.57120102,11.41041134,6.404763252,6.073052286,5.370604499,4.992568674,3.735337325,5.486317643,5.276037311,4.521597724,3.387115427,3.086627872,0.852834597,0.486825489,0.194728961,0.210934328,0.066456508,0,0,0,0,
North America,NAC,"Incidence of malaria (per 1,000 population at risk)",SH.MLR.INCD.P3,,,,,,,,,,,,,,,,,,,,,,,,,,,,,,,,,,,,,,,,,,,,,,,,,,,,,,,,,,,,,,,
Namibia,NAM,"Incidence of malaria (per 1,000 population at risk)",SH.MLR.INCD.P3,,,,,,,,,,,,,,,,,,,,,,,,,,,,,,,,,,,,,,,,,53.60876433,69.83418605,46.96080629,44.43924103,68.52851398,41.91398849,43.23611296,12.94170627,7.474198134,3.696821635,1.554345686,1.826835816,3.176533295,4.48272374,14.48003855,8.307320067,17.38027069,47.50251485,26.29839728,2.937658308,10.25347202,10.61690269,
New Caledonia,NCL,"Incidence of malaria (per 1,000 population at risk)",SH.MLR.INCD.P3,,,,,,,,,,,,,,,,,,,,,,,,,,,,,,,,,,,,,,,,,,,,,,,,,,,,,,,,,,,,,,,
Niger,NER,"Incidence of malaria (per 1,000 population at risk)",SH.MLR.INCD.P3,,,,,,,,,,,,,,,,,,,,,,,,,,,,,,,,,,,,,,,,,355.7450894,347.4846298,325.0394151,296.5153297,300.4924483,308.2736825,305.3253537,313.3780238,349.6388103,375.2282638,407.6208123,421.3992249,425.1654524,413.7461133,406.8125803,401.1096613,384.9376993,362.6540752,343.7268044,325.5293005,322.4089368,323.3856928,
Nigeria,NGA,"Incidence of malaria (per 1,000 population at risk)",SH.MLR.INCD.P3,,,,,,,,,,,,,,,,,,,,,,,,,,,,,,,,,,,,,,,,,413.3349609,406.0929423,393.2033721,393.8067966,402.3838499,408.6527281,411.6848944,414.0445045,415.7664628,403.5413794,376.2036941,351.6450649,327.6079868,308.6047955,298.1589574,294.1106555,295.0561319,299.0736848,300.6853412,301.9081437,312.6509355,306.4624837,
Nicaragua,NIC,"Incidence of malaria (per 1,000 population at risk)",SH.MLR.INCD.P3,,,,,,,,,,,,,,,,,,,,,,,,,,,,,,,,,,,,,,,,,13.39408287,5.856683965,4.245158907,3.66126164,3.715304332,3.533019791,1.633549621,0.701488324,0.388689733,0.306485057,0.342719384,0.451439595,0.594143884,0.550707796,0.533562207,1.049707239,2.848075281,4.901808289,7.02668278,5.747039503,11.01036709,9.850982858,
Netherlands,NLD,"Incidence of malaria (per 1,000 population at risk)",SH.MLR.INCD.P3,,,,,,,,,,,,,,,,,,,,,,,,,,,,,,,,,,,,,,,,,,,,,,,,,,,,,,,,,,,,,,,
Norway,NOR,"Incidence of malaria (per 1,000 population at risk)",SH.MLR.INCD.P3,,,,,,,,,,,,,,,,,,,,,,,,,,,,,,,,,,,,,,,,,,,,,,,,,,,,,,,,,,,,,,,
Nepal,NPL,"Incidence of malaria (per 1,000 population at risk)",SH.MLR.INCD.P3,,,,,,,,,,,,,,,,,,,,,,,,,,,,,,,,,,,,,,,,,6.730974645,7.699625965,11.58875104,9.772463212,4.606653304,4.722124036,4.620334799,5.434950815,3.973126833,3.268547859,3.829812546,2.338882789,1.722053158,1.278761117,0.616179736,0.545246474,0.41458811,0.328807283,0.330637318,0.05543942,0.028640787,0.012157977,
Nauru,NRU,"Incidence of malaria (per 1,000 population at risk)",SH.MLR.INCD.P3,,,,,,,,,,,,,,,,,,,,,,,,,,,,,,,,,,,,,,,,,,,,,,,,,,,,,,,,,,,,,,,
New Zealand,NZL,"Incidence of malaria (per 1,000 population at risk)",SH.MLR.INCD.P3,,,,,,,,,,,,,,,,,,,,,,,,,,,,,,,,,,,,,,,,,,,,,,,,,,,,,,,,,,,,,,,
OECD members,OED,"Incidence of malaria (per 1,000 population at risk)",SH.MLR.INCD.P3,,,,,,,,,,,,,,,,,,,,,,,,,,,,,,,,,,,,,,,,,,,,,,,,,,,,,,,,,,,,,,,
Oman,OMN,"Incidence of malaria (per 1,000 population at risk)",SH.MLR.INCD.P3,,,,,,,,,,,,,,,,,,,,,,,,,,,,,,,,,,,,,,,,,0.002559451,0.000842228,0.002496194,0.002467511,0,0,0,0.001535096,0,0,0,0,0,0,0,0,0,0,0,0,0,0,
Other small states,OSS,"Incidence of malaria (per 1,000 population at risk)",SH.MLR.INCD.P3,,,,,,,,,,,,,,,,,,,,,,,,,,,,,,,,,,,,,,,,,,,,,,,,,,,,,,,,,,,,,,,
Pakistan,PAK,"Incidence of malaria (per 1,000 population at risk)",SH.MLR.INCD.P3,,,,,,,,,,,,,,,,,,,,,,,,,,,,,,,,,,,,,,,,,6.087882831,6.629934707,6.02051804,5.636618119,4.074594975,4.930204936,4.861718407,4.670894546,4.178529883,5.43405889,7.562393668,9.761609491,8.313149658,6.841100685,4.858004689,4.823095206,4.84586875,3.854478878,3.266032423,2.917158281,2.430070287,2.222566749,
Panama,PAN,"Incidence of malaria (per 1,000 population at risk)",SH.MLR.INCD.P3,,,,,,,,,,,,,,,,,,,,,,,,,,,,,,,,,,,,,,,,,0.375693363,0.329919772,0.782621627,1.539644631,1.709864243,1.207243461,0.537304786,0.40634415,0.231558564,0.237845279,0.125513643,0.104244517,0.244455297,0.200157584,0.267135549,0.150200511,0.207691624,0.202137254,0.195801461,0.451561759,0.493196939,1.089191091,
Peru,PER,"Incidence of malaria (per 1,000 population at risk)",SH.MLR.INCD.P3,,,,,,,,,,,,,,,,,,,,,,,,,,,,,,,,,,,,,,,,,9.870761655,9.902289033,12.01203551,10.30624619,10.53222768,9.78135018,7.181694153,5.575759755,4.826622365,4.56699675,3.296717846,2.671003982,3.460753987,5.311813604,7.040536938,7.203878568,5.956634562,5.860777533,4.621525485,3.547003124,2.273947836,1.755765405,
Philippines,PHL,"Incidence of malaria (per 1,000 population at risk)",SH.MLR.INCD.P3,,,,,,,,,,,,,,,,,,,,,,,,,,,,,,,,,,,,,,,,,1.766465425,1.214197795,1.495261809,2.086292407,1.856620991,1.660093968,2.017567389,2.167793496,1.408106099,1.089777074,0.973665631,0.42750962,0.336739258,0.302556978,0.243322995,0.466353523,0.284179068,0.26757086,0.172877947,0.211161663,0.231697967,0.160414641,
Palau,PLW,"Incidence of malaria (per 1,000 population at risk)",SH.MLR.INCD.P3,,,,,,,,,,,,,,,,,,,,,,,,,,,,,,,,,,,,,,,,,,,,,,,,,,,,,,,,,,,,,,,
Papua New Guinea,PNG,"Incidence of malaria (per 1,000 population at risk)",SH.MLR.INCD.P3,,,,,,,,,,,,,,,,,,,,,,,,,,,,,,,,,,,,,,,,,265.4629916,253.3222403,209.728276,218.8818548,271.4400033,217.5006286,220.8755322,180.7902135,165.3569605,212.451742,142.3243722,115.1653394,155.6894031,172.239176,190.6710571,101.9015514,135.851561,134.9698885,139.5370699,117.883956,150.787106,124.3398998,
Poland,POL,"Incidence of malaria (per 1,000 population at risk)",SH.MLR.INCD.P3,,,,,,,,,,,,,,,,,,,,,,,,,,,,,,,,,,,,,,,,,,,,,,,,,,,,,,,,,,,,,,,
Pre-demographic dividend,PRE,"Incidence of malaria (per 1,000 population at risk)",SH.MLR.INCD.P3,,,,,,,,,,,,,,,,,,,,,,,,,,,,,,,,,,,,,,,,,359.6764256,360.7683345,348.8484388,342.6321159,333.1984327,324.073224,313.9256736,305.2133814,297.9294817,288.2533351,278.0052832,266.6854234,255.5293001,244.4982692,235.3732861,230.7506158,229.3063044,230.5983563,229.8426789,227.573802,236.8223563,235.2285851,
Puerto Rico,PRI,"Incidence of malaria (per 1,000 population at risk)",SH.MLR.INCD.P3,,,,,,,,,,,,,,,,,,,,,,,,,,,,,,,,,,,,,,,,,,,,,,,,,,,,,,,,,,,,,,,
"Korea, Dem. People's Rep.",PRK,"Incidence of malaria (per 1,000 population at risk)",SH.MLR.INCD.P3,,,,,,,,,,,,,,,,,,,,,,,,,,,,,,,,,,,,,,,,,9.927481013,12.59262301,10.70947974,1.780906695,1.692441639,0.714911809,0.730484735,0.504167504,1.738521036,1.524391038,1.402553789,1.731839171,2.248364302,1.475717296,1.07376714,0.711971813,0.507659014,0.461981057,0.369386878,0.185841004,0.180086029,0.23241115,
Portugal,PRT,"Incidence of malaria (per 1,000 population at risk)",SH.MLR.INCD.P3,,,,,,,,,,,,,,,,,,,,,,,,,,,,,,,,,,,,,,,,,,,,,,,,,,,,,,,,,,,,,,,
Paraguay,PRY,"Incidence of malaria (per 1,000 population at risk)",SH.MLR.INCD.P3,,,,,,,,,,,,,,,,,,,,,,,,,,,,,,,,,,,,,,,,,37.15229024,14.4231538,14.58116586,7.202270687,3.548954546,1.891797309,4.115474183,6.64364332,1.628736622,0.389688833,0.09630664,0.004753281,0,0,0,0,0,0,0,0,0,0,
West Bank and Gaza,PSE,"Incidence of malaria (per 1,000 population at risk)",SH.MLR.INCD.P3,,,,,,,,,,,,,,,,,,,,,,,,,,,,,,,,,,,,,,,,,,,,,,,,,,,,,,,,,,,,,,,
Pacific island small states,PSS,"Incidence of malaria (per 1,000 population at risk)",SH.MLR.INCD.P3,,,,,,,,,,,,,,,,,,,,,,,,,,,,,,,,,,,,,,,,,,,,,,,,,,,,,,,,,,,,,,,
Post-demographic dividend,PST,"Incidence of malaria (per 1,000 population at risk)",SH.MLR.INCD.P3,,,,,,,,,,,,,,,,,,,,,,,,,,,,,,,,,,,,,,,,,,,,,,,,,,,,,,,,,,,,,,,
French Polynesia,PYF,"Incidence of malaria (per 1,000 population at risk)",SH.MLR.INCD.P3,,,,,,,,,,,,,,,,,,,,,,,,,,,,,,,,,,,,,,,,,,,,,,,,,,,,,,,,,,,,,,,
Qatar,QAT,"Incidence of malaria (per 1,000 population at risk)",SH.MLR.INCD.P3,,,,,,,,,,,,,,,,,,,,,,,,,,,,,,,,,,,,,,,,,,,,,,,,,,,,,,,,,,,,,,,
Romania,ROU,"Incidence of malaria (per 1,000 population at risk)",SH.MLR.INCD.P3,,,,,,,,,,,,,,,,,,,,,,,,,,,,,,,,,,,,,,,,,,,,,,,,,,,,,,,,,,,,,,,
Russian Federation,RUS,"Incidence of malaria (per 1,000 population at risk)",SH.MLR.INCD.P3,,,,,,,,,,,,,,,,,,,,,,,,,,,,,,,,,,,,,,,,,,,,,,,,,,,,,,,,,,,,,,,
Rwanda,RWA,"Incidence of malaria (per 1,000 population at risk)",SH.MLR.INCD.P3,,,,,,,,,,,,,,,,,,,,,,,,,,,,,,,,,,,,,,,,,189.4102446,179.8247337,164.3280836,143.7621557,125.3046428,153.5063263,150.6393806,88.26464051,69.88972394,153.9924831,104.739718,36.93046339,59.62786755,109.4121886,202.2369626,307.9597721,409.6787677,709.7933263,493.4747644,411.3341241,227.1386563,126.3190572,
South Asia,SAS,"Incidence of malaria (per 1,000 population at risk)",SH.MLR.INCD.P3,,,,,,,,,,,,,,,,,,,,,,,,,,,,,,,,,,,,,,,,,18.84444555,18.77925792,17.44794395,18.0092019,18.82464127,19.85152421,16.07914091,15.40243876,15.73029188,15.98413102,15.75739182,13.8147947,11.07494192,8.646850864,8.452514651,8.850572421,9.351129644,7.150752764,5.207895296,4.212690914,3.104954638,3.096217129,
Saudi Arabia,SAU,"Incidence of malaria (per 1,000 population at risk)",SH.MLR.INCD.P3,,,,,,,,,,,,,,,,,,,,,,,,,,,,,,,,,,,,,,,,,3.828148128,1.737407329,1.441213974,0.929573485,0.649944317,0.54182794,0.628497493,0.220813283,0.027752427,0.025418128,0.012308011,0.028566792,0.033210307,0.013481033,0.011656923,0.031636041,0.101607149,0.064617171,0.021744539,0.013239823,0.028782188,0,
Sudan,SDN,"Incidence of malaria (per 1,000 population at risk)",SH.MLR.INCD.P3,,,,,,,,,,,,,,,,,,,,,,,,,,,,,,,,,,,,,,,,,92.77144775,86.35269925,66.65404159,61.08877858,55.37404959,54.65161747,52.67851909,46.51381978,38.63531131,34.62975633,32.72938507,32.5628764,33.06528916,34.93929203,38.5727577,42.21243079,53.2598186,53.77650478,59.18902968,65.59086073,73.39837798,72.84447501,
Senegal,SEN,"Incidence of malaria (per 1,000 population at risk)",SH.MLR.INCD.P3,,,,,,,,,,,,,,,,,,,,,,,,,,,,,,,,,,,,,,,,,275.8087225,248.5518504,220.8636719,197.7165374,130.2434102,124.1454277,122.1890893,100.3249864,52.95795166,33.26871957,60.90396094,48.62098746,53.35768672,58.35836478,38.13673972,70.41768281,46.37736355,53.15358245,67.26581837,42.0117618,50.83042713,59.00216393,
Singapore,SGP,"Incidence of malaria (per 1,000 population at risk)",SH.MLR.INCD.P3,,,,,,,,,,,,,,,,,,,,,,,,,,,,,,,,,,,,,,,,,,,,,,,,,,,,,,,,,,,,,,,
Solomon Islands,SLB,"Incidence of malaria (per 1,000 population at risk)",SH.MLR.INCD.P3,,,,,,,,,,,,,,,,,,,,,,,,,,,,,,,,,,,,,,,,,598.0623852,655.8139962,627.6924249,523.8270445,723.2859526,598.7824001,577.0540128,311.2484287,182.2860387,144.1095083,170.8910447,114.3340819,92.90587722,93.12260533,58.84839559,65.63698925,135.375189,162.5666788,132.8111593,208.3747978,164.7982767,216.1002437,
Sierra Leone,SLE,"Incidence of malaria (per 1,000 population at risk)",SH.MLR.INCD.P3,,,,,,,,,,,,,,,,,,,,,,,,,,,,,,,,,,,,,,,,,454.0876039,453.2490196,441.5165581,419.8985331,409.7808028,399.4558476,391.9350391,403.5348079,435.8873788,460.295803,462.6280431,455.1445507,439.8827031,419.4175359,401.6451916,390.6509471,388.9551427,375.637979,369.0711476,355.1194334,339.547873,329.8316601,
El Salvador,SLV,"Incidence of malaria (per 1,000 population at risk)",SH.MLR.INCD.P3,,,,,,,,,,,,,,,,,,,,,,,,,,,,,,,,,,,,,,,,,0.622534766,0.297799492,0.095879006,0.069475663,0.091410886,0.054663712,0.040000327,0.032600953,0.026789541,0.01698327,0.013696997,0.005618514,0.010393839,0.004778268,0.004759891,0.003952863,0.00945736,0,0,0,0,,
San Marino,SMR,"Incidence of malaria (per 1,000 population at risk)",SH.MLR.INCD.P3,,,,,,,,,,,,,,,,,,,,,,,,,,,,,,,,,,,,,,,,,,,,,,,,,,,,,,,,,,,,,,,
Somalia,SOM,"Incidence of malaria (per 1,000 population at risk)",SH.MLR.INCD.P3,,,,,,,,,,,,,,,,,,,,,,,,,,,,,,,,,,,,,,,,,134.9903944,141.4876856,131.3573977,129.9946169,123.0593493,133.0675594,118.1983488,101.4758647,62.90250566,38.74855638,41.60036599,34.32173156,34.84410296,41.58417613,50.2523248,58.97773495,58.59462429,55.19724175,59.28819849,59.88342625,56.04862449,66.32601998,
Serbia,SRB,"Incidence of malaria (per 1,000 population at risk)",SH.MLR.INCD.P3,,,,,,,,,,,,,,,,,,,,,,,,,,,,,,,,,,,,,,,,,,,,,,,,,,,,,,,,,,,,,,,
Sub-Saharan Africa (excluding high income),SSA,"Incidence of malaria (per 1,000 population at risk)",SH.MLR.INCD.P3,,,,,,,,,,,,,,,,,,,,,,,,,,,,,,,,,,,,,,,,,358.012314,355.970698,342.0589359,336.4915891,326.8261375,312.8910441,302.8116651,293.43949,284.5458622,281.2049544,274.2384486,263.5983148,256.0493765,248.5801783,239.4060524,232.9620515,226.7596103,228.5569419,219.781615,216.7015306,224.6441664,220.7800938,
South Sudan,SSD,"Incidence of malaria (per 1,000 population at risk)",SH.MLR.INCD.P3,,,,,,,,,,,,,,,,,,,,,,,,,,,,,,,,,,,,,,,,,367.1643173,357.1813975,336.6075454,318.7883209,306.6630308,305.7484205,305.2316644,299.4699791,293.152562,286.0803097,285.6964368,290.8579709,287.8003071,285.738332,276.3054101,271.0006489,266.5478577,277.7836843,278.7906512,281.2588986,286.886613,274.7960612,
Sub-Saharan Africa,SSF,"Incidence of malaria (per 1,000 population at risk)",SH.MLR.INCD.P3,,,,,,,,,,,,,,,,,,,,,,,,,,,,,,,,,,,,,,,,,358.012314,355.970698,342.0589359,336.4915891,326.8261375,312.8910441,302.8116651,293.43949,284.5458622,281.2049544,274.2384486,263.5983148,256.0493765,248.5801783,239.4060524,232.9620515,226.7596103,228.5569419,219.781615,216.7015306,224.6441664,220.7800938,
Small states,SST,"Incidence of malaria (per 1,000 population at risk)",SH.MLR.INCD.P3,,,,,,,,,,,,,,,,,,,,,,,,,,,,,,,,,,,,,,,,,,,,,,,,,,,,,,,,,,,,,,,
Sao Tome and Principe,STP,"Incidence of malaria (per 1,000 population at risk)",SH.MLR.INCD.P3,,,,,,,,,,,,,,,,,,,,,,,,,,,,,,,,,,,,,,,,,222.490502,287.7517811,337.5978537,277.4157464,294.7804968,112.1907472,31.05144064,14.25417292,35.96469047,34.7053804,17.27261747,45.37636258,66.0790632,47.70408295,8.881147562,10.22254927,10.93670589,10.76256033,13.89677493,12.73072102,8.840976761,12.18697755,
Suriname,SUR,"Incidence of malaria (per 1,000 population at risk)",SH.MLR.INCD.P3,,,,,,,,,,,,,,,,,,,,,,,,,,,,,,,,,,,,,,,,,160.5840448,222.300939,175.3472934,147.5916568,111.0978504,119.7586727,42.65777801,14.15802095,26.45126931,31.33306585,21.95744892,9.748500938,6.902659161,6.302975004,4.765753132,0.952974811,0.908244061,1.578668387,0.342110365,1.172967608,1.739848098,0.242994577,
Slovak Republic,SVK,"Incidence of malaria (per 1,000 population at risk)",SH.MLR.INCD.P3,,,,,,,,,,,,,,,,,,,,,,,,,,,,,,,,,,,,,,,,,,,,,,,,,,,,,,,,,,,,,,,
Slovenia,SVN,"Incidence of malaria (per 1,000 population at risk)",SH.MLR.INCD.P3,,,,,,,,,,,,,,,,,,,,,,,,,,,,,,,,,,,,,,,,,,,,,,,,,,,,,,,,,,,,,,,
Sweden,SWE,"Incidence of malaria (per 1,000 population at risk)",SH.MLR.INCD.P3,,,,,,,,,,,,,,,,,,,,,,,,,,,,,,,,,,,,,,,,,,,,,,,,,,,,,,,,,,,,,,,
Eswatini,SWZ,"Incidence of malaria (per 1,000 population at risk)",SH.MLR.INCD.P3,,,,,,,,,,,,,,,,,,,,,,,,,,,,,,,,,,,,,,,,,2.727543686,4.784114682,2.277161094,1.153600955,1.923508694,0.929603369,0.513644724,0.276750944,0.19006236,0.34576342,0.870194852,1.224543865,1.31425046,2.3249204,1.233972631,1.001568494,0.78147956,1.364810834,2.111295431,0.717576972,0.704815432,0.916620486,
Sint Maarten (Dutch part),SXM,"Incidence of malaria (per 1,000 population at risk)",SH.MLR.INCD.P3,,,,,,,,,,,,,,,,,,,,,,,,,,,,,,,,,,,,,,,,,,,,,,,,,,,,,,,,,,,,,,,
Seychelles,SYC,"Incidence of malaria (per 1,000 population at risk)",SH.MLR.INCD.P3,,,,,,,,,,,,,,,,,,,,,,,,,,,,,,,,,,,,,,,,,,,,,,,,,,,,,,,,,,,,,,,
Syrian Arab Republic,SYR,"Incidence of malaria (per 1,000 population at risk)",SH.MLR.INCD.P3,,,,,,,,,,,,,,,,,,,,,,,,,,,,,,,,,,,,,,,,,0.000367925,0.003766152,0.000873921,0.000113563,5.53E-05,0,0,0,0,0,0,0,0,0,0,0,0,0,0,0,0,0,
Turks and Caicos Islands,TCA,"Incidence of malaria (per 1,000 population at risk)",SH.MLR.INCD.P3,,,,,,,,,,,,,,,,,,,,,,,,,,,,,,,,,,,,,,,,,,,,,,,,,,,,,,,,,,,,,,,
Chad,TCD,"Incidence of malaria (per 1,000 population at risk)",SH.MLR.INCD.P3,,,,,,,,,,,,,,,,,,,,,,,,,,,,,,,,,,,,,,,,,270.0084635,271.3537758,236.4294257,230.9099741,224.366495,225.6008302,228.451059,228.6577831,229.7347493,236.3723799,236.103729,220.0520583,204.6310416,192.5009798,190.798992,191.7570118,194.8657015,198.4946118,208.387057,205.5115553,208.562109,206.3621958,
East Asia & Pacific (IDA & IBRD countries),TEA,"Incidence of malaria (per 1,000 population at risk)",SH.MLR.INCD.P3,,,,,,,,,,,,,,,,,,,,,,,,,,,,,,,,,,,,,,,,,6.085164238,5.686346495,5.308080189,5.421761699,5.8081064,5.368689524,5.285837119,4.689410405,4.796260705,5.212939979,5.336255201,4.601864473,5.237444431,3.855619975,3.49283168,2.472396458,2.601140492,2.312015027,2.316474523,2.135203154,2.322313566,,
Europe & Central Asia (IDA & IBRD countries),TEC,"Incidence of malaria (per 1,000 population at risk)",SH.MLR.INCD.P3,,,,,,,,,,,,,,,,,,,,,,,,,,,,,,,,,,,,,,,,,,,,,,,,,,,,,,,,,,,,,,,
Togo,TGO,"Incidence of malaria (per 1,000 population at risk)",SH.MLR.INCD.P3,,,,,,,,,,,,,,,,,,,,,,,,,,,,,,,,,,,,,,,,,443.6698226,444.9398359,451.1625212,464.5841239,477.5604478,471.6045267,452.9477856,424.4050098,370.7877339,320.430455,302.0335963,301.4999099,331.4719196,367.2372506,368.8307818,357.2042286,324.8183024,277.5130384,250.3386801,238.5800768,242.7526893,237.5229169,
Thailand,THA,"Incidence of malaria (per 1,000 population at risk)",SH.MLR.INCD.P3,,,,,,,,,,,,,,,,,,,,,,,,,,,,,,,,,,,,,,,,,6.564519059,5.259722825,3.655982058,3.038949893,2.15355744,2.384417748,2.407191156,2.616346099,2.236109844,2.289498729,2.507138746,1.909432891,3.57343265,3.150894459,3.10474979,1.069415285,0.576711039,0.326528683,0.3299941,0.269300351,0.220301636,0.163317577,
Tajikistan,TJK,"Incidence of malaria (per 1,000 population at risk)",SH.MLR.INCD.P3,,,,,,,,,,,,,,,,,,,,,,,,,,,,,,,,,,,,,,,,,9.09897522,5.319680716,2.819291644,2.435596685,1.579502043,0.997695233,0.570173559,0.264481728,0.129985591,0.065744348,0.043996207,0.029998512,0.010536492,0.001471872,0.000719166,0,0,0,0,0,,,
Turkmenistan,TKM,"Incidence of malaria (per 1,000 population at risk)",SH.MLR.INCD.P3,,,,,,,,,,,,,,,,,,,,,,,,,,,,,,,,,,,,,,,,,0.080809985,0.026553284,0.058932921,0.022629262,0.009575915,0.003148862,0.003105484,0,0,0,0,0,0,0,0,0,0,0,0,0,,,
Latin America & the Caribbean (IDA & IBRD countries),TLA,"Incidence of malaria (per 1,000 population at risk)",SH.MLR.INCD.P3,,,,,,,,,,,,,,,,,,,,,,,,,,,,,,,,,,,,,,,,,14.09239036,11.60216431,10.41616572,10.05359658,9.806045448,10.73406594,9.110989473,8.087608013,5.623557633,5.48059004,6.463216105,4.800922781,4.514148477,4.384271123,3.579345951,4.263800231,5.0692858,6.892634794,6.710601285,6.405251711,4.592037321,4.251026013,
Timor-Leste,TLS,"Incidence of malaria (per 1,000 population at risk)",SH.MLR.INCD.P3,,,,,,,,,,,,,,,,,,,,,,,,,,,,,,,,,,,,,,,,,155.1207171,155.1207025,121.9802133,77.47229485,263.0573299,168.6484257,175.6314972,119.6315083,136.761459,99.91318665,93.20026452,29.45076445,6.787882186,1.297996344,0.424465358,0.096995092,0.097246534,0.018815094,0,0,0.003271563,0,
Middle East & North Africa (IDA & IBRD countries),TMN,"Incidence of malaria (per 1,000 population at risk)",SH.MLR.INCD.P3,,,,,,,,,,,,,,,,,,,,,,,,,,,,,,,,,,,,,,,,,8.066844232,8.782777187,9.464038361,8.494280808,6.664530281,6.878033574,8.017246589,5.583064616,3.456035416,4.368622846,6.85093331,4.710845259,5.017385027,4.027562172,3.384508621,2.927350923,3.714828941,4.121176404,4.758727967,4.589132568,4.462365334,5.220558901,
Tonga,TON,"Incidence of malaria (per 1,000 population at risk)",SH.MLR.INCD.P3,,,,,,,,,,,,,,,,,,,,,,,,,,,,,,,,,,,,,,,,,,,,,,,,,,,,,,,,,,,,,,,
South Asia (IDA & IBRD),TSA,"Incidence of malaria (per 1,000 population at risk)",SH.MLR.INCD.P3,,,,,,,,,,,,,,,,,,,,,,,,,,,,,,,,,,,,,,,,,18.84444555,18.77925792,17.44794395,18.0092019,18.82464127,19.85152421,16.07914091,15.40243876,15.73029188,15.98413102,15.75739182,13.8147947,11.07494192,8.646850864,8.452514651,8.850572421,9.351129644,7.150752764,5.207895296,4.212690914,3.104954638,3.096217129,
Sub-Saharan Africa (IDA & IBRD countries),TSS,"Incidence of malaria (per 1,000 population at risk)",SH.MLR.INCD.P3,,,,,,,,,,,,,,,,,,,,,,,,,,,,,,,,,,,,,,,,,358.012314,355.970698,342.0589359,336.4915891,326.8261375,312.8910441,302.8116651,293.43949,284.5458622,281.2049544,274.2384486,263.5983148,256.0493765,248.5801783,239.4060524,232.9620515,226.7596103,228.5569419,219.781615,216.7015306,224.6441664,220.7800938,
Trinidad and Tobago,TTO,"Incidence of malaria (per 1,000 population at risk)",SH.MLR.INCD.P3,,,,,,,,,,,,,,,,,,,,,,,,,,,,,,,,,,,,,,,,,,,,,,,,,,,,,,,,,,,,,,,
Tunisia,TUN,"Incidence of malaria (per 1,000 population at risk)",SH.MLR.INCD.P3,,,,,,,,,,,,,,,,,,,,,,,,,,,,,,,,,,,,,,,,,,,,,,,,,,,,,,,,,,,,,,,
Turkiye,TUR,"Incidence of malaria (per 1,000 population at risk)",SH.MLR.INCD.P3,,,,,,,,,,,,,,,,,,,,,,,,,,,,,,,,,,,,,,,,,2.743210362,2.556221143,2.383626278,2.121767652,1.203351135,0.466657083,0.175947142,0.068333509,0.035807912,0.008094293,0,0,0,0,0,0,0,0,,0,,,
Tuvalu,TUV,"Incidence of malaria (per 1,000 population at risk)",SH.MLR.INCD.P3,,,,,,,,,,,,,,,,,,,,,,,,,,,,,,,,,,,,,,,,,,,,,,,,,,,,,,,,,,,,,,,
Tanzania,TZA,"Incidence of malaria (per 1,000 population at risk)",SH.MLR.INCD.P3,,,,,,,,,,,,,,,,,,,,,,,,,,,,,,,,,,,,,,,,,350.3095605,340.6641037,315.7473667,296.9985472,275.6466744,252.2630102,227.6264524,198.9171382,173.0302552,154.6277928,140.7761177,129.0967526,122.2520482,130.7637258,143.0153709,140.5132507,131.452599,124.4667392,117.9634296,117.5912747,123.2446181,125.7732393,
Uganda,UGA,"Incidence of malaria (per 1,000 population at risk)",SH.MLR.INCD.P3,,,,,,,,,,,,,,,,,,,,,,,,,,,,,,,,,,,,,,,,,487.2255193,507.9743822,500.1525593,484.1246799,449.8246916,433.6452879,421.3103804,415.4135466,417.9607051,423.0513319,409.4366551,394.67972,376.5559686,332.3444139,294.2823828,253.5147797,283.1371325,294.9032599,262.6915805,262.6915582,283.8175292,284.0201845,
Ukraine,UKR,"Incidence of malaria (per 1,000 population at risk)",SH.MLR.INCD.P3,,,,,,,,,,,,,,,,,,,,,,,,,,,,,,,,,,,,,,,,,,,,,,,,,,,,,,,,,,,,,,,
Upper middle income,UMC,"Incidence of malaria (per 1,000 population at risk)",SH.MLR.INCD.P3,,,,,,,,,,,,,,,,,,,,,,,,,,,,,,,,,,,,,,,,,3.415775843,3.14059523,2.812820804,2.661029264,2.545046019,2.593155322,2.388042921,2.139582266,1.72787082,1.786587652,1.980320442,1.789322218,1.846331491,1.840766052,1.753011752,1.751851785,1.725151287,1.886697758,1.804522946,1.672210723,1.714036856,,
Uruguay,URY,"Incidence of malaria (per 1,000 population at risk)",SH.MLR.INCD.P3,,,,,,,,,,,,,,,,,,,,,,,,,,,,,,,,,,,,,,,,,,,,,,,,,,,,,,,,,,,,,,,
United States,USA,"Incidence of malaria (per 1,000 population at risk)",SH.MLR.INCD.P3,,,,,,,,,,,,,,,,,,,,,,,,,,,,,,,,,,,,,,,,,,,,,,,,,,,,,,,,,,,,,,,
Uzbekistan,UZB,"Incidence of malaria (per 1,000 population at risk)",SH.MLR.INCD.P3,,,,,,,,,,,,,,,,,,,,,,,,,,,,,,,,,,,,,,,,,5.055165496,3.049746515,2.892998163,2.856591392,2.515819166,3.83848267,2.71113422,1.098538943,0.252470605,0,0.104843783,0,0,0,0,0,0,0,0,0,0,,
St. Vincent and the Grenadines,VCT,"Incidence of malaria (per 1,000 population at risk)",SH.MLR.INCD.P3,,,,,,,,,,,,,,,,,,,,,,,,,,,,,,,,,,,,,,,,,,,,,,,,,,,,,,,,,,,,,,,
"Venezuela, RB",VEN,"Incidence of malaria (per 1,000 population at risk)",SH.MLR.INCD.P3,,,,,,,,,,,,,,,,,,,,,,,,,,,,,,,,,,,,,,,,,2.907924961,1.91590069,2.765709965,2.909778858,4.19294246,3.973109535,3.220269441,3.548325499,2.683627509,2.960121424,4.033080664,3.681929162,4.197428296,6.177286563,7.026668006,10.45938324,18.33985525,31.5813355,31.8659924,32.26743741,15.67886673,14.51659277,
British Virgin Islands,VGB,"Incidence of malaria (per 1,000 population at risk)",SH.MLR.INCD.P3,,,,,,,,,,,,,,,,,,,,,,,,,,,,,,,,,,,,,,,,,,,,,,,,,,,,,,,,,,,,,,,
Virgin Islands (U.S.),VIR,"Incidence of malaria (per 1,000 population at risk)",SH.MLR.INCD.P3,,,,,,,,,,,,,,,,,,,,,,,,,,,,,,,,,,,,,,,,,,,,,,,,,,,,,,,,,,,,,,,
Vietnam,VNM,"Incidence of malaria (per 1,000 population at risk)",SH.MLR.INCD.P3,,,,,,,,,,,,,,,,,,,,,,,,,,,,,,,,,,,,,,,,,3.459356095,3.147395839,2.211770027,1.608612324,0.932355767,0.662654034,0.705008972,0.448575484,0.283922015,0.358551773,0.356390268,0.310325253,0.362202043,0.312056905,0.283464071,0.166063114,0.073200697,0.079147119,0.053995082,0.054628096,0.023262991,0.006306305,
Vanuatu,VUT,"Incidence of malaria (per 1,000 population at risk)",SH.MLR.INCD.P3,,,,,,,,,,,,,,,,,,,,,,,,,,,,,,,,,,,,,,,,,120.6149713,94.91762843,181.3481756,205.9606867,143.8645715,117.7400382,102.9189451,119.6084872,114.4294556,62.10965042,85.44201945,46.28443178,32.62174861,20.20991599,8.991319875,2.919280273,14.73423299,7.807358763,3.925354358,3.439508022,2.919614354,1.804867502,
World,WLD,"Incidence of malaria (per 1,000 population at risk)",SH.MLR.INCD.P3,,,,,,,,,,,,,,,,,,,,,,,,,,,,,,,,,,,,,,,,,82.82019501,82.89692229,80.07836895,79.81560248,78.88011193,76.99752272,74.10511877,72.15474966,70.9249042,71.23995325,70.10336706,67.31304535,65.16117637,62.801368,61.07835267,60.12909383,59.62456868,59.89832084,57.76879257,57.16066808,59.97685375,,
Samoa,WSM,"Incidence of malaria (per 1,000 population at risk)",SH.MLR.INCD.P3,,,,,,,,,,,,,,,,,,,,,,,,,,,,,,,,,,,,,,,,,,,,,,,,,,,,,,,,,,,,,,,
Kosovo,XKX,"Incidence of malaria (per 1,000 population at risk)",SH.MLR.INCD.P3,,,,,,,,,,,,,,,,,,,,,,,,,,,,,,,,,,,,,,,,,,,,,,,,,,,,,,,,,,,,,,,
"Yemen, Rep.",YEM,"Incidence of malaria (per 1,000 population at risk)",SH.MLR.INCD.P3,,,,,,,,,,,,,,,,,,,,,,,,,,,,,,,,,,,,,,,,,88.38001065,95.84944882,103.1411099,91.30814145,71.53151499,72.95249487,84.86340772,58.39546518,35.89632779,45.31331744,70.95329782,48.26719133,50.92417257,40.26136502,32.82224275,27.94728321,35.03593975,38.58613276,43.87787414,40.88410796,38.44558779,46.0859008,
South Africa,ZAF,"Incidence of malaria (per 1,000 population at risk)",SH.MLR.INCD.P3,,,,,,,,,,,,,,,,,,,,,,,,,,,,,,,,,,,,,,,,,3.889069037,5.612145406,3.283362193,2.797893898,2.759490214,1.582099649,2.444447812,1.265498962,1.541753212,1.186614705,1.556437666,1.881269149,1.245836158,1.604681773,2.138698381,0.887492953,0.766186827,4.127913957,1.667607552,0.829961239,0.758988822,0.498044779,
Zambia,ZMB,"Incidence of malaria (per 1,000 population at risk)",SH.MLR.INCD.P3,,,,,,,,,,,,,,,,,,,,,,,,,,,,,,,,,,,,,,,,,397.1114663,404.1539826,371.4538781,348.5236401,301.7934676,258.4483754,222.4931199,193.4367851,172.5598825,165.2190343,168.4754784,180.5119502,200.3485896,227.6134654,232.3185773,219.3227439,205.9687417,185.2472183,178.8396812,174.3986938,186.8986196,187.7212356,
Zimbabwe,ZWE,"Incidence of malaria (per 1,000 population at risk)",SH.MLR.INCD.P3,,,,,,,,,,,,,,,,,,,,,,,,,,,,,,,,,,,,,,,,,105.9243522,105.9244431,105.924405,105.9243548,105.9243473,105.9244138,105.9243864,172.3827007,69.70758965,76.51477942,108.5790824,70.39487937,56.72875318,80.91621576,100.1851079,95.74044595,66.83620304,115.1819371,53.55142073,64.73937839,93.43766508,27.19948304,
